# tool	gdb-multiarch
# note	16.3, a gdb for every architecture Debian builds it for, RISC-V among them, for #154 (issue 872)
# suite	trixie
# snapshot	20261001T000000Z
# name	version	size	sha256	url	fallback
debconf	1.5.91	121088	1ddc7e6c5925f748eefb7ca811d98e049f18c158bb21fbc7e122262ce6011e49	https://deb.debian.org/debian/pool/main/d/debconf/debconf_1.5.91_all.deb	https://snapshot.debian.org/archive/debian/20261001T000000Z/pool/main/d/debconf/debconf_1.5.91_all.deb
gcc-14-base	14.2.0-19	49432	5b6825de4263824b78c4c51f6476414f3b4e89c2ab63e81dc8b9b5501e867cf6	https://deb.debian.org/debian/pool/main/g/gcc-14/gcc-14-base_14.2.0-19_amd64.deb	https://snapshot.debian.org/archive/debian/20261001T000000Z/pool/main/g/gcc-14/gcc-14-base_14.2.0-19_amd64.deb
gdb	16.3-1	3991712	f0cd9b3e7b47685cbc43ebfe3207760830cb7b570e615daee6dc91e50040c127	https://deb.debian.org/debian/pool/main/g/gdb/gdb_16.3-1_amd64.deb	https://snapshot.debian.org/archive/debian/20261001T000000Z/pool/main/g/gdb/gdb_16.3-1_amd64.deb
gdb-multiarch	16.3-1	6854184	36f4251601833ce2f9dd3d289f4201372bc517699273ba35db87772bbe2d5463	https://deb.debian.org/debian/pool/main/g/gdb/gdb-multiarch_16.3-1_amd64.deb	https://snapshot.debian.org/archive/debian/20261001T000000Z/pool/main/g/gdb/gdb-multiarch_16.3-1_amd64.deb
init-system-helpers	1.69~deb13u1	39360	addf78073e1cbc5a5508937e11d2571055e29835e00ee8fab52a66775649378f	https://deb.debian.org/debian/pool/main/i/init-system-helpers/init-system-helpers_1.69~deb13u1_all.deb	https://snapshot.debian.org/archive/debian/20261001T000000Z/pool/main/i/init-system-helpers/init-system-helpers_1.69~deb13u1_all.deb
libatomic1	14.2.0-19	9308	212b399aae2f7299203d261a57e49372e09565a9a5ea971905f94a3960366c05	https://deb.debian.org/debian/pool/main/g/gcc-14/libatomic1_14.2.0-19_amd64.deb	https://snapshot.debian.org/archive/debian/20261001T000000Z/pool/main/g/gcc-14/libatomic1_14.2.0-19_amd64.deb
libbabeltrace1	1.5.11-4+b2	175940	ae7119a21627f296fa28a46ece67b01b1cbc87e32e971f8fd7629d0f42d1d4b1	https://deb.debian.org/debian/pool/main/b/babeltrace/libbabeltrace1_1.5.11-4+b2_amd64.deb	https://snapshot.debian.org/archive/debian/20261001T000000Z/pool/main/b/babeltrace/libbabeltrace1_1.5.11-4+b2_amd64.deb
libblkid1	2.41.5-0+deb13u1	171612	81535f3c2c0efc732965907c8749103a0a26377c761622c9ce39b4c92dcde52f	https://deb.debian.org/debian/pool/main/u/util-linux/libblkid1_2.41.5-0+deb13u1_amd64.deb	https://snapshot.debian.org/archive/debian/20261001T000000Z/pool/main/u/util-linux/libblkid1_2.41.5-0+deb13u1_amd64.deb
libbrotli1	1.1.0-2+b7	306624	0fb79f88db210afbd69282ab9649e525f393ec6950ca34da1a6b359250b8d7db	https://deb.debian.org/debian/pool/main/b/brotli/libbrotli1_1.1.0-2+b7_amd64.deb	https://snapshot.debian.org/archive/debian/20261001T000000Z/pool/main/b/brotli/libbrotli1_1.1.0-2+b7_amd64.deb
libbz2-1.0	1.0.8-6	37912	cba4cda04244b5e481bb15524bc3c983a7d1b6f330013b9b381706a2fcb65310	https://deb.debian.org/debian/pool/main/b/bzip2/libbz2-1.0_1.0.8-6_amd64.deb	https://snapshot.debian.org/archive/debian/20261001T000000Z/pool/main/b/bzip2/libbz2-1.0_1.0.8-6_amd64.deb
libc6	2.41-12+deb13u4	2846580	967aa62605721081c3eb2a17650611a792aa802d76a6511d1840242623d204c9	https://deb.debian.org/debian/pool/main/g/glibc/libc6_2.41-12+deb13u4_amd64.deb	https://snapshot.debian.org/archive/debian/20261001T000000Z/pool/main/g/glibc/libc6_2.41-12+deb13u4_amd64.deb
libcap2	1:2.75-10+deb13u1+b3	28988	89fc4d34fc7a28ad6f0fcd0c561ab253b9dedf6f77f5a000b47c276c8295bf67	https://deb.debian.org/debian/pool/main/libc/libcap2/libcap2_2.75-10+deb13u1+b3_amd64.deb	https://snapshot.debian.org/archive/debian/20261001T000000Z/pool/main/libc/libcap2/libcap2_2.75-10+deb13u1+b3_amd64.deb
libcom-err2	1.47.2-3+b12	25036	bd43e020b8fed399db3eebf098111f10fba4c436fff99ccad72cc7e27c9764ec	https://deb.debian.org/debian/pool/main/e/e2fsprogs/libcom-err2_1.47.2-3+b12_amd64.deb	https://snapshot.debian.org/archive/debian/20261001T000000Z/pool/main/e/e2fsprogs/libcom-err2_1.47.2-3+b12_amd64.deb
libcurl3t64-gnutls	8.14.1-2+deb13u5	384460	19da93544615a4c9a3d7df473f5bf8ebca99442454622e9b0460168dadf7b8ae	https://deb.debian.org/debian/pool/main/c/curl/libcurl3t64-gnutls_8.14.1-2+deb13u5_amd64.deb	https://snapshot.debian.org/archive/debian/20261001T000000Z/pool/main/c/curl/libcurl3t64-gnutls_8.14.1-2+deb13u5_amd64.deb
libdb5.3t64	5.3.28+dfsg2-9	703676	18d02510ee78b67e4504ba050176797a200ff24214a7cd318082ab60ad7bf3fc	https://deb.debian.org/debian/pool/main/d/db5.3/libdb5.3t64_5.3.28+dfsg2-9_amd64.deb	https://snapshot.debian.org/archive/debian/20261001T000000Z/pool/main/d/db5.3/libdb5.3t64_5.3.28+dfsg2-9_amd64.deb
libdebuginfod-common	0.192-4	23700	3c775d164b26fc5e8fb1a3606b3de99875cf8ee6e2d9a90018c4d82de2d47f7b	https://deb.debian.org/debian/pool/main/e/elfutils/libdebuginfod-common_0.192-4_all.deb	https://snapshot.debian.org/archive/debian/20261001T000000Z/pool/main/e/elfutils/libdebuginfod-common_0.192-4_all.deb
libdebuginfod1t64	0.192-4	32416	399d156a8a631889c71b1fdeb853d8effc40f812870a0b7b0eb09e04eb0dfa5e	https://deb.debian.org/debian/pool/main/e/elfutils/libdebuginfod1t64_0.192-4_amd64.deb	https://snapshot.debian.org/archive/debian/20261001T000000Z/pool/main/e/elfutils/libdebuginfod1t64_0.192-4_amd64.deb
libdw1t64	0.192-4	254872	6b41d3895b40eff429dd8013f0c13b6e26371a26491f414dbf66ba86c4c2c3f1	https://deb.debian.org/debian/pool/main/e/elfutils/libdw1t64_0.192-4_amd64.deb	https://snapshot.debian.org/archive/debian/20261001T000000Z/pool/main/e/elfutils/libdw1t64_0.192-4_amd64.deb
libelf1t64	0.192-4	189408	94497b7e17b6f574a0605b380d454e20d3f01a9c63b70c2a2263f679d30053e1	https://deb.debian.org/debian/pool/main/e/elfutils/libelf1t64_0.192-4_amd64.deb	https://snapshot.debian.org/archive/debian/20261001T000000Z/pool/main/e/elfutils/libelf1t64_0.192-4_amd64.deb
libexpat1	2.8.3-1~deb13u1	122672	38abe0e710a07688e9c149d74536e67cfee0364bdb64dd6d644c32a1cfad389f	https://deb.debian.org/debian/pool/main/e/expat/libexpat1_2.8.3-1~deb13u1_amd64.deb	https://snapshot.debian.org/archive/debian/20261001T000000Z/pool/main/e/expat/libexpat1_2.8.3-1~deb13u1_amd64.deb
libffi8	3.4.8-2	24144	0ebdc340de33333639c3c63874cd4b15ac2e83dfa1ef3053b7eefaf4919f4f68	https://deb.debian.org/debian/pool/main/libf/libffi/libffi8_3.4.8-2_amd64.deb	https://snapshot.debian.org/archive/debian/20261001T000000Z/pool/main/libf/libffi/libffi8_3.4.8-2_amd64.deb
libgcc-s1	14.2.0-19	72772	3c71917b490d1a17aed43196a2787a256ecf060526cdb20216a74bedc061b150	https://deb.debian.org/debian/pool/main/g/gcc-14/libgcc-s1_14.2.0-19_amd64.deb	https://snapshot.debian.org/archive/debian/20261001T000000Z/pool/main/g/gcc-14/libgcc-s1_14.2.0-19_amd64.deb
libglib2.0-0t64	2.84.4-3~deb13u5	1521120	e2baf92c57d1db1753e5781a61450d9a01e7833c7bd2dfe87776a6811c11ecc2	https://deb.debian.org/debian/pool/main/g/glib2.0/libglib2.0-0t64_2.84.4-3~deb13u5_amd64.deb	https://snapshot.debian.org/archive/debian/20261001T000000Z/pool/main/g/glib2.0/libglib2.0-0t64_2.84.4-3~deb13u5_amd64.deb
libgmp10	2:6.3.0+dfsg-3	560220	d0d0265eb01770f17afd0f7c8c0622f80479dcfbbe13653a0debeec61464e622	https://deb.debian.org/debian/pool/main/g/gmp/libgmp10_6.3.0+dfsg-3_amd64.deb	https://snapshot.debian.org/archive/debian/20261001T000000Z/pool/main/g/gmp/libgmp10_6.3.0+dfsg-3_amd64.deb
libgnutls30t64	3.8.9-3+deb13u4	1469024	18a8bdfd91c7e3bcb01719d55a2b56849c7160b34f1f52b1c4fdfdd41bf1352b	https://deb.debian.org/debian/pool/main/g/gnutls28/libgnutls30t64_3.8.9-3+deb13u4_amd64.deb	https://snapshot.debian.org/archive/debian/20261001T000000Z/pool/main/g/gnutls28/libgnutls30t64_3.8.9-3+deb13u4_amd64.deb
libgssapi-krb5-2	1.21.3-5+deb13u1	138356	30847c1fde4240567d7ed3aeab4f655dd591203758b857e85e824045aae70299	https://deb.debian.org/debian/pool/main/k/krb5/libgssapi-krb5-2_1.21.3-5+deb13u1_amd64.deb	https://snapshot.debian.org/archive/debian/20261001T000000Z/pool/main/k/krb5/libgssapi-krb5-2_1.21.3-5+deb13u1_amd64.deb
libhogweed6t64	3.10.1-1	335240	b059ed155115ac09da295322de48ee1ed58ef5fa45edcc9e12ff0e94636ef25f	https://deb.debian.org/debian/pool/main/n/nettle/libhogweed6t64_3.10.1-1_amd64.deb	https://snapshot.debian.org/archive/debian/20261001T000000Z/pool/main/n/nettle/libhogweed6t64_3.10.1-1_amd64.deb
libidn2-0	2.3.8-2	109096	90b039bcdc4578f8e1c4935adf8dbb525e36a164deefdbbb8c45bac347d48278	https://deb.debian.org/debian/pool/main/libi/libidn2/libidn2-0_2.3.8-2_amd64.deb	https://snapshot.debian.org/archive/debian/20261001T000000Z/pool/main/libi/libidn2/libidn2-0_2.3.8-2_amd64.deb
libipt2	2.1.2-1	47792	33cfc9090194a993bfab1da4a70a03b4a2d2863894c1d4b506dd4ac093a0073e	https://deb.debian.org/debian/pool/main/i/intel-processor-trace/libipt2_2.1.2-1_amd64.deb	https://snapshot.debian.org/archive/debian/20261001T000000Z/pool/main/i/intel-processor-trace/libipt2_2.1.2-1_amd64.deb
libjson-c5	0.18+ds-1	45956	4fbd5fb4d54c626f05d68abf38a31533fbf1bf4a87068696abe041ee9c974fe0	https://deb.debian.org/debian/pool/main/j/json-c/libjson-c5_0.18+ds-1_amd64.deb	https://snapshot.debian.org/archive/debian/20261001T000000Z/pool/main/j/json-c/libjson-c5_0.18+ds-1_amd64.deb
libk5crypto3	1.21.3-5+deb13u1	81152	7da07ee674b47f1f0be7cc89317c25310086a1f1761217d0f72e6ae2c5a69b84	https://deb.debian.org/debian/pool/main/k/krb5/libk5crypto3_1.21.3-5+deb13u1_amd64.deb	https://snapshot.debian.org/archive/debian/20261001T000000Z/pool/main/k/krb5/libk5crypto3_1.21.3-5+deb13u1_amd64.deb
libkeyutils1	1.6.3-6	9456	0b11ad17be0300b63ad4eeb4c6450fed24d34b7b740f23e5363dcb29ee6d5eba	https://deb.debian.org/debian/pool/main/k/keyutils/libkeyutils1_1.6.3-6_amd64.deb	https://snapshot.debian.org/archive/debian/20261001T000000Z/pool/main/k/keyutils/libkeyutils1_1.6.3-6_amd64.deb
libkrb5-3	1.21.3-5+deb13u1	326056	47d71d6a7f2e59b9bae5f89602397594805113b95889ad18fa703cd53abafc97	https://deb.debian.org/debian/pool/main/k/krb5/libkrb5-3_1.21.3-5+deb13u1_amd64.deb	https://snapshot.debian.org/archive/debian/20261001T000000Z/pool/main/k/krb5/libkrb5-3_1.21.3-5+deb13u1_amd64.deb
libkrb5support0	1.21.3-5+deb13u1	33124	3a0acd8b37955c0e102c756b52c97df2a31f67b96453c35dab70df218d309117	https://deb.debian.org/debian/pool/main/k/krb5/libkrb5support0_1.21.3-5+deb13u1_amd64.deb	https://snapshot.debian.org/archive/debian/20261001T000000Z/pool/main/k/krb5/libkrb5support0_1.21.3-5+deb13u1_amd64.deb
libldap2	2.6.10+dfsg-1	193576	60069e4a550ca890113fa89d3001417781b18e146ec5d637d31e368dec9909bd	https://deb.debian.org/debian/pool/main/o/openldap/libldap2_2.6.10+dfsg-1_amd64.deb	https://snapshot.debian.org/archive/debian/20261001T000000Z/pool/main/o/openldap/libldap2_2.6.10+dfsg-1_amd64.deb
liblzma5	5.8.1-1+deb13u1	309492	1cfcc6e0dc36f438a79b6e2189facdb9d150b08f57d190a60e01c98075c7f896	https://deb.debian.org/debian/pool/main/x/xz-utils/liblzma5_5.8.1-1+deb13u1_amd64.deb	https://snapshot.debian.org/archive/debian/20261001T000000Z/pool/main/x/xz-utils/liblzma5_5.8.1-1+deb13u1_amd64.deb
libmount1	2.41.5-0+deb13u1	210408	6d00f45f2e80e078e906e3eedecd3ba6913e39fef49bff361ee583f17f00ec05	https://deb.debian.org/debian/pool/main/u/util-linux/libmount1_2.41.5-0+deb13u1_amd64.deb	https://snapshot.debian.org/archive/debian/20261001T000000Z/pool/main/u/util-linux/libmount1_2.41.5-0+deb13u1_amd64.deb
libmpfr6	4.2.2-1	729320	75dddce11dabc7fc543712c33dc27b7f2ee66a111763eb5eac654d010b42cd92	https://deb.debian.org/debian/pool/main/m/mpfr4/libmpfr6_4.2.2-1_amd64.deb	https://snapshot.debian.org/archive/debian/20261001T000000Z/pool/main/m/mpfr4/libmpfr6_4.2.2-1_amd64.deb
libncursesw6	6.5+20250216-2	135484	47baa2e11579583654583a066b69bd5a5d2f22423081f707ed6c0c3ba6d538b7	https://deb.debian.org/debian/pool/main/n/ncurses/libncursesw6_6.5+20250216-2_amd64.deb	https://snapshot.debian.org/archive/debian/20261001T000000Z/pool/main/n/ncurses/libncursesw6_6.5+20250216-2_amd64.deb
libnettle8t64	3.10.1-1	305436	1b03d4a9cd9c8143ba50fe6396f36937e901a317d492d179f4596862c1731cfe	https://deb.debian.org/debian/pool/main/n/nettle/libnettle8t64_3.10.1-1_amd64.deb	https://snapshot.debian.org/archive/debian/20261001T000000Z/pool/main/n/nettle/libnettle8t64_3.10.1-1_amd64.deb
libnghttp2-14	1.64.0-1.1+deb13u1	76188	896cb217537c09251fb909b8541349010ac279d802d871e98c06a62a2c67ce2c	https://deb.debian.org/debian/pool/main/n/nghttp2/libnghttp2-14_1.64.0-1.1+deb13u1_amd64.deb	https://snapshot.debian.org/archive/debian/20261001T000000Z/pool/main/n/nghttp2/libnghttp2-14_1.64.0-1.1+deb13u1_amd64.deb
libnghttp3-9	1.8.0-1	67656	388e4c33b72829cbf0d098afdc8539fa5ba7458eddb077f5538fdb4d5538716b	https://deb.debian.org/debian/pool/main/n/nghttp3/libnghttp3-9_1.8.0-1_amd64.deb	https://snapshot.debian.org/archive/debian/20261001T000000Z/pool/main/n/nghttp3/libnghttp3-9_1.8.0-1_amd64.deb
libngtcp2-16	1.11.0-1+deb13u1	131904	627eec81ebbd48c4e6091f5cd9dc5070b792b7075000eed60ab08c7daa961caf	https://deb.debian.org/debian/pool/main/n/ngtcp2/libngtcp2-16_1.11.0-1+deb13u1_amd64.deb	https://snapshot.debian.org/archive/debian/20261001T000000Z/pool/main/n/ngtcp2/libngtcp2-16_1.11.0-1+deb13u1_amd64.deb
libngtcp2-crypto-gnutls8	1.11.0-1+deb13u1	29524	2a7f109c0c4db6a800e4661c5e5e34e1f1f83c8162482276183d1ada9da7c96c	https://deb.debian.org/debian/pool/main/n/ngtcp2/libngtcp2-crypto-gnutls8_1.11.0-1+deb13u1_amd64.deb	https://snapshot.debian.org/archive/debian/20261001T000000Z/pool/main/n/ngtcp2/libngtcp2-crypto-gnutls8_1.11.0-1+deb13u1_amd64.deb
libp11-kit0	0.25.5-3	425240	784bf2063e166c8bc851a32623b74ebd85c499043a9d57c5bbd64fa63447f45a	https://deb.debian.org/debian/pool/main/p/p11-kit/libp11-kit0_0.25.5-3_amd64.deb	https://snapshot.debian.org/archive/debian/20261001T000000Z/pool/main/p/p11-kit/libp11-kit0_0.25.5-3_amd64.deb
libpcre2-8-0	10.46-1~deb13u2	298872	1252b96a5bc44bb5db982bef8eb18e54f5047cede2aff641bce4f8e1edb91c3e	https://deb.debian.org/debian/pool/main/p/pcre2/libpcre2-8-0_10.46-1~deb13u2_amd64.deb	https://snapshot.debian.org/archive/debian/20261001T000000Z/pool/main/p/pcre2/libpcre2-8-0_10.46-1~deb13u2_amd64.deb
libproc2-0	2:4.0.4-9	65596	c9d61caab1b2ddfc3f17edb95be31b9809fcb2daf27d853dff615bc4ebd08b4b	https://deb.debian.org/debian/pool/main/p/procps/libproc2-0_4.0.4-9_amd64.deb	https://snapshot.debian.org/archive/debian/20261001T000000Z/pool/main/p/procps/libproc2-0_4.0.4-9_amd64.deb
libpsl5t64	0.21.2-1.1+b1	57188	59d42bb1f9ebc0d1776fe616efb08a7a8568b05982e00f70b03c63863db768ab	https://deb.debian.org/debian/pool/main/libp/libpsl/libpsl5t64_0.21.2-1.1+b1_amd64.deb	https://snapshot.debian.org/archive/debian/20261001T000000Z/pool/main/libp/libpsl/libpsl5t64_0.21.2-1.1+b1_amd64.deb
libpython3.13	3.13.5-2+deb13u5	2159760	aa4cdb7e15f5f445ab268160d428518a4daf2a086ee3e6ea30f6082785236dea	https://deb.debian.org/debian/pool/main/p/python3.13/libpython3.13_3.13.5-2+deb13u5_amd64.deb	https://snapshot.debian.org/archive/debian/20261001T000000Z/pool/main/p/python3.13/libpython3.13_3.13.5-2+deb13u5_amd64.deb
libpython3.13-minimal	3.13.5-2+deb13u5	863168	a4aa6a9a8c77f87bfe545e1d14ec42c001d189ace90e3aa75deec882b39dee49	https://deb.debian.org/debian/pool/main/p/python3.13/libpython3.13-minimal_3.13.5-2+deb13u5_amd64.deb	https://snapshot.debian.org/archive/debian/20261001T000000Z/pool/main/p/python3.13/libpython3.13-minimal_3.13.5-2+deb13u5_amd64.deb
libpython3.13-stdlib	3.13.5-2+deb13u5	1958624	db161322a3481d2c0c3b9a3b9a03c3ab0e2b1718f54b88755fb4a3f939165b84	https://deb.debian.org/debian/pool/main/p/python3.13/libpython3.13-stdlib_3.13.5-2+deb13u5_amd64.deb	https://snapshot.debian.org/archive/debian/20261001T000000Z/pool/main/p/python3.13/libpython3.13-stdlib_3.13.5-2+deb13u5_amd64.deb
libreadline8t64	8.2-6	168832	eeadf2b5e755c9f183883feea2d9b5b28560284275d5f54d3e55d0923b1d0967	https://deb.debian.org/debian/pool/main/r/readline/libreadline8t64_8.2-6_amd64.deb	https://snapshot.debian.org/archive/debian/20261001T000000Z/pool/main/r/readline/libreadline8t64_8.2-6_amd64.deb
librtmp1	2.4+20151223.gitfa8646d.1-2+b5	58840	93baa2004cbe6c8721b9e81beed078612540aef120970b4751305c51c6697368	https://deb.debian.org/debian/pool/main/r/rtmpdump/librtmp1_2.4+20151223.gitfa8646d.1-2+b5_amd64.deb	https://snapshot.debian.org/archive/debian/20261001T000000Z/pool/main/r/rtmpdump/librtmp1_2.4+20151223.gitfa8646d.1-2+b5_amd64.deb
libsasl2-2	2.1.28+dfsg1-9	57512	66e49d7ae026811b49a0050f18b0325960a2625ffd1ff60d91b7844a815fa9d2	https://deb.debian.org/debian/pool/main/c/cyrus-sasl2/libsasl2-2_2.1.28+dfsg1-9_amd64.deb	https://snapshot.debian.org/archive/debian/20261001T000000Z/pool/main/c/cyrus-sasl2/libsasl2-2_2.1.28+dfsg1-9_amd64.deb
libsasl2-modules-db	2.1.28+dfsg1-9	19768	a5c38659fbd62c33c6d9bfa2be43e75a572d1818531aad32dd74d0a58cc4bd19	https://deb.debian.org/debian/pool/main/c/cyrus-sasl2/libsasl2-modules-db_2.1.28+dfsg1-9_amd64.deb	https://snapshot.debian.org/archive/debian/20261001T000000Z/pool/main/c/cyrus-sasl2/libsasl2-modules-db_2.1.28+dfsg1-9_amd64.deb
libselinux1	3.8.1-1	84680	68bb8d32bd8d6d7d2f5952a169db03d1484b46ae1e52abccdec42a19dccea5d5	https://deb.debian.org/debian/pool/main/libs/libselinux/libselinux1_3.8.1-1_amd64.deb	https://snapshot.debian.org/archive/debian/20261001T000000Z/pool/main/libs/libselinux/libselinux1_3.8.1-1_amd64.deb
libsource-highlight-common	3.1.9-4.3	77484	4914dbff96bc9558e467239719fd64f27faaf0c26e5b8cc63cbb460484781e2d	https://deb.debian.org/debian/pool/main/s/source-highlight/libsource-highlight-common_3.1.9-4.3_all.deb	https://snapshot.debian.org/archive/debian/20261001T000000Z/pool/main/s/source-highlight/libsource-highlight-common_3.1.9-4.3_all.deb
libsource-highlight4t64	3.1.9-4.3+b1	334684	6d69c221c44345f33af52cc849c5d39438590d5b2030224a6fdb3e6e660f815a	https://deb.debian.org/debian/pool/main/s/source-highlight/libsource-highlight4t64_3.1.9-4.3+b1_amd64.deb	https://snapshot.debian.org/archive/debian/20261001T000000Z/pool/main/s/source-highlight/libsource-highlight4t64_3.1.9-4.3+b1_amd64.deb
libsqlite3-0	3.46.1-7+deb13u2	914584	0a459adaffd901109f7811ab65f58e7a957b4907d05539cf3d1184efdcde0468	https://deb.debian.org/debian/pool/main/s/sqlite3/libsqlite3-0_3.46.1-7+deb13u2_amd64.deb	https://snapshot.debian.org/archive/debian/20261001T000000Z/pool/main/s/sqlite3/libsqlite3-0_3.46.1-7+deb13u2_amd64.deb
libssh2-1t64	1.11.1-1+deb13u2	245240	dbb1024c192d4d292b7cfa902b96076cfe81b56a5eed4fb28da36e8bf543e49a	https://deb.debian.org/debian/pool/main/libs/libssh2/libssh2-1t64_1.11.1-1+deb13u2_amd64.deb	https://snapshot.debian.org/archive/debian/20261001T000000Z/pool/main/libs/libssh2/libssh2-1t64_1.11.1-1+deb13u2_amd64.deb
libssl3t64	3.5.7-1~deb13u2	2453872	916f7f40b34a06e6ebfaefcdab331bff458328411da672598f126a760472467d	https://deb.debian.org/debian/pool/main/o/openssl/libssl3t64_3.5.7-1~deb13u2_amd64.deb	https://snapshot.debian.org/archive/debian/20261001T000000Z/pool/main/o/openssl/libssl3t64_3.5.7-1~deb13u2_amd64.deb
libstdc++6	14.2.0-19	713628	ab1fa05837aa7a92aae748fd07a18a35f7d18bb4a71c4724fe2bbf0e32089de0	https://deb.debian.org/debian/pool/main/g/gcc-14/libstdc++6_14.2.0-19_amd64.deb	https://snapshot.debian.org/archive/debian/20261001T000000Z/pool/main/g/gcc-14/libstdc++6_14.2.0-19_amd64.deb
libsystemd0	257.13-1~deb13u1	454648	ab0d4127b5e46e6f8c015a1db15a62ba9ae274cdefa150083adf90ada0600ea1	https://deb.debian.org/debian/pool/main/s/systemd/libsystemd0_257.13-1~deb13u1_amd64.deb	https://snapshot.debian.org/archive/debian/20261001T000000Z/pool/main/s/systemd/libsystemd0_257.13-1~deb13u1_amd64.deb
libtasn1-6	4.20.0-2+deb13u1	50112	23fec6e06583ce2bad9b2c04c9b485e90440e259b1abf8677cd80d3ce60831ad	https://deb.debian.org/debian/pool/main/libt/libtasn1-6/libtasn1-6_4.20.0-2+deb13u1_amd64.deb	https://snapshot.debian.org/archive/debian/20261001T000000Z/pool/main/libt/libtasn1-6/libtasn1-6_4.20.0-2+deb13u1_amd64.deb
libtext-charwidth-perl	0.04-11+b4	9476	3a1d44df306e0252e8a16df07eba457bc9f2ef736ee890a1c35ffdfd548eafa0	https://deb.debian.org/debian/pool/main/libt/libtext-charwidth-perl/libtext-charwidth-perl_0.04-11+b4_amd64.deb	https://snapshot.debian.org/archive/debian/20261001T000000Z/pool/main/libt/libtext-charwidth-perl/libtext-charwidth-perl_0.04-11+b4_amd64.deb
libtext-wrapi18n-perl	0.06-10	8808	17f98c7c09af8ac3bdbfd5a5dad32f3f51c71b02cdfc411366f49092a395de85	https://deb.debian.org/debian/pool/main/libt/libtext-wrapi18n-perl/libtext-wrapi18n-perl_0.06-10_all.deb	https://snapshot.debian.org/archive/debian/20261001T000000Z/pool/main/libt/libtext-wrapi18n-perl/libtext-wrapi18n-perl_0.06-10_all.deb
libtinfo6	6.5+20250216-2	348380	8b9f6a7983e9418564e48a627518de4c03917b56efe68d7f3e93bd8fffa1cc10	https://deb.debian.org/debian/pool/main/n/ncurses/libtinfo6_6.5+20250216-2_amd64.deb	https://snapshot.debian.org/archive/debian/20261001T000000Z/pool/main/n/ncurses/libtinfo6_6.5+20250216-2_amd64.deb
libunistring5	1.3-2	476768	6dd3490bef06ea1096f32d10766b7e016cf579bfae8451d1b7df15ce05b8aa46	https://deb.debian.org/debian/pool/main/libu/libunistring/libunistring5_1.3-2_amd64.deb	https://snapshot.debian.org/archive/debian/20261001T000000Z/pool/main/libu/libunistring/libunistring5_1.3-2_amd64.deb
libuuid1	2.41.5-0+deb13u1	37848	c1bf4c4c3ff48c57fabf93307dfb56996b60cfa33927afc4158b5db36fb2721e	https://deb.debian.org/debian/pool/main/u/util-linux/libuuid1_2.41.5-0+deb13u1_amd64.deb	https://snapshot.debian.org/archive/debian/20261001T000000Z/pool/main/u/util-linux/libuuid1_2.41.5-0+deb13u1_amd64.deb
libxxhash0	0.8.3-2	27096	81da7064d56fc044f5db4bb3c1e80ff50a4986dcbbf80d958eeca565b44c157f	https://deb.debian.org/debian/pool/main/x/xxhash/libxxhash0_0.8.3-2_amd64.deb	https://snapshot.debian.org/archive/debian/20261001T000000Z/pool/main/x/xxhash/libxxhash0_0.8.3-2_amd64.deb
libzstd1	1.5.7+dfsg-1	303836	2f6a2aeacfc925eba8b00ac9139bc4bfccf8cacb09eb93de067074b26948eef9	https://deb.debian.org/debian/pool/main/libz/libzstd/libzstd1_1.5.7+dfsg-1_amd64.deb	https://snapshot.debian.org/archive/debian/20261001T000000Z/pool/main/libz/libzstd/libzstd1_1.5.7+dfsg-1_amd64.deb
media-types	13.0.0	29336	0788e4b0b72db1bcf74a19cb24c3511e7770ad0b341f0f30e361701c3072f53e	https://deb.debian.org/debian/pool/main/m/media-types/media-types_13.0.0_all.deb	https://snapshot.debian.org/archive/debian/20261001T000000Z/pool/main/m/media-types/media-types_13.0.0_all.deb
netbase	6.5	12436	76bafa92947ebd37b0a6f9ec6570412041f56edebc1c66d323731216d318471e	https://deb.debian.org/debian/pool/main/n/netbase/netbase_6.5_all.deb	https://snapshot.debian.org/archive/debian/20261001T000000Z/pool/main/n/netbase/netbase_6.5_all.deb
openssl-provider-legacy	3.5.7-1~deb13u2	316132	f155c8191ae6d41da73d792f4182680aeafeb85c3dd223934ee9fdd115c4f1fa	https://deb.debian.org/debian/pool/main/o/openssl/openssl-provider-legacy_3.5.7-1~deb13u2_amd64.deb	https://snapshot.debian.org/archive/debian/20261001T000000Z/pool/main/o/openssl/openssl-provider-legacy_3.5.7-1~deb13u2_amd64.deb
perl-base	5.40.1-6+deb13u1	1666320	b795464137a0f4d443fc9284f4b93e883fb83883cb533adf300ac660807a352a	https://deb.debian.org/debian/pool/main/p/perl/perl-base_5.40.1-6+deb13u1_amd64.deb	https://snapshot.debian.org/archive/debian/20261001T000000Z/pool/main/p/perl/perl-base_5.40.1-6+deb13u1_amd64.deb
procps	2:4.0.4-9	882088	4db90bb6776772fc52585d6b1fbfc52ec2a85480e1b4363b743fbb2ffa2a5375	https://deb.debian.org/debian/pool/main/p/procps/procps_4.0.4-9_amd64.deb	https://snapshot.debian.org/archive/debian/20261001T000000Z/pool/main/p/procps/procps_4.0.4-9_amd64.deb
readline-common	8.2-6	69360	f77e8aa0bf0de618f11cb0b21658a4ed60f177d63b3cf26d7fc3706b6d0eaaa9	https://deb.debian.org/debian/pool/main/r/readline/readline-common_8.2-6_all.deb	https://snapshot.debian.org/archive/debian/20261001T000000Z/pool/main/r/readline/readline-common_8.2-6_all.deb
sensible-utils	0.0.25	24992	873a9b73c3478cc3148cdbf5cc2084949a0a8e4fa16131d1cbc895d2f1f3470e	https://deb.debian.org/debian/pool/main/s/sensible-utils/sensible-utils_0.0.25_all.deb	https://snapshot.debian.org/archive/debian/20261001T000000Z/pool/main/s/sensible-utils/sensible-utils_0.0.25_all.deb
tzdata	2026c-0+deb13u1	264156	813b9bbbe14ccda2b24617b8bade0ade4d745957e75921766c153d249886bd4c	https://deb.debian.org/debian/pool/main/t/tzdata/tzdata_2026c-0+deb13u1_all.deb	https://snapshot.debian.org/archive/debian/20261001T000000Z/pool/main/t/tzdata/tzdata_2026c-0+deb13u1_all.deb
ucf	3.0052	43296	ab5a6d5a621ad07034ce29d0c2587e6e267ecd2975458b2c8a7d0ada77dcb95b	https://deb.debian.org/debian/pool/main/u/ucf/ucf_3.0052_all.deb	https://snapshot.debian.org/archive/debian/20261001T000000Z/pool/main/u/ucf/ucf_3.0052_all.deb
zlib1g	1:1.3.dfsg+really1.3.1-1+b1	88892	015be740d6236ad114582dea500c1d907f29e16d6db00566ca32fb68d71ac90d	https://deb.debian.org/debian/pool/main/z/zlib/zlib1g_1.3.dfsg+really1.3.1-1+b1_amd64.deb	https://snapshot.debian.org/archive/debian/20261001T000000Z/pool/main/z/zlib/zlib1g_1.3.dfsg+really1.3.1-1+b1_amd64.deb
