# tool	openocd
# note	0.12.0, the version on the board server and the one #154's DTM is read against
# suite	trixie
# snapshot	20261001T000000Z
# name	version	size	sha256	url	fallback
gcc-14-base	14.2.0-19	49432	5b6825de4263824b78c4c51f6476414f3b4e89c2ab63e81dc8b9b5501e867cf6	https://deb.debian.org/debian/pool/main/g/gcc-14/gcc-14-base_14.2.0-19_amd64.deb	https://snapshot.debian.org/archive/debian/20261001T000000Z/pool/main/g/gcc-14/gcc-14-base_14.2.0-19_amd64.deb
libc6	2.41-12+deb13u4	2846580	967aa62605721081c3eb2a17650611a792aa802d76a6511d1840242623d204c9	https://deb.debian.org/debian/pool/main/g/glibc/libc6_2.41-12+deb13u4_amd64.deb	https://snapshot.debian.org/archive/debian/20261001T000000Z/pool/main/g/glibc/libc6_2.41-12+deb13u4_amd64.deb
libcap2	1:2.75-10+deb13u1+b3	28988	89fc4d34fc7a28ad6f0fcd0c561ab253b9dedf6f77f5a000b47c276c8295bf67	https://deb.debian.org/debian/pool/main/libc/libcap2/libcap2_2.75-10+deb13u1+b3_amd64.deb	https://snapshot.debian.org/archive/debian/20261001T000000Z/pool/main/libc/libcap2/libcap2_2.75-10+deb13u1+b3_amd64.deb
libcapstone5	5.0.7-1~deb13u1	778216	775187a7be26bb0b076d1979a02163b943dbc13eb4adb0efc503223a03c75422	https://deb.debian.org/debian/pool/main/c/capstone/libcapstone5_5.0.7-1~deb13u1_amd64.deb	https://snapshot.debian.org/archive/debian/20261001T000000Z/pool/main/c/capstone/libcapstone5_5.0.7-1~deb13u1_amd64.deb
libftdi1-2	1.5-10	33756	b85d8cccbfa9f917ea547c39bc22503c1c8676621142571e36320e26fae7ab6b	https://deb.debian.org/debian/pool/main/libf/libftdi1/libftdi1-2_1.5-10_amd64.deb	https://snapshot.debian.org/archive/debian/20261001T000000Z/pool/main/libf/libftdi1/libftdi1-2_1.5-10_amd64.deb
libgcc-s1	14.2.0-19	72772	3c71917b490d1a17aed43196a2787a256ecf060526cdb20216a74bedc061b150	https://deb.debian.org/debian/pool/main/g/gcc-14/libgcc-s1_14.2.0-19_amd64.deb	https://snapshot.debian.org/archive/debian/20261001T000000Z/pool/main/g/gcc-14/libgcc-s1_14.2.0-19_amd64.deb
libhidapi-hidraw0	0.14.0-1+b2	12664	89c546cb55be403ce63fe668baff2515979100a30fa07e2b97de186b9c07f01e	https://deb.debian.org/debian/pool/main/h/hidapi/libhidapi-hidraw0_0.14.0-1+b2_amd64.deb	https://snapshot.debian.org/archive/debian/20261001T000000Z/pool/main/h/hidapi/libhidapi-hidraw0_0.14.0-1+b2_amd64.deb
libjaylink0	0.4.0-1	23504	162af4bc52ec48f46221403f2b890143f13aec0176e20dedb97342ec27b7864a	https://deb.debian.org/debian/pool/main/libj/libjaylink/libjaylink0_0.4.0-1_amd64.deb	https://snapshot.debian.org/archive/debian/20261001T000000Z/pool/main/libj/libjaylink/libjaylink0_0.4.0-1_amd64.deb
libjim0.83	0.83-2	147464	79f6206d186dca1c56e088af495d43d2a3c14f09ee8085865f25b7d8ca99a463	https://deb.debian.org/debian/pool/main/j/jimtcl/libjim0.83_0.83-2_amd64.deb	https://snapshot.debian.org/archive/debian/20261001T000000Z/pool/main/j/jimtcl/libjim0.83_0.83-2_amd64.deb
libssl3t64	3.5.7-1~deb13u2	2453872	916f7f40b34a06e6ebfaefcdab331bff458328411da672598f126a760472467d	https://deb.debian.org/debian/pool/main/o/openssl/libssl3t64_3.5.7-1~deb13u2_amd64.deb	https://snapshot.debian.org/archive/debian/20261001T000000Z/pool/main/o/openssl/libssl3t64_3.5.7-1~deb13u2_amd64.deb
libudev1	257.13-1~deb13u1	152300	5d41c284f5a93b05bc7d648b61a02dd2bb9ff05b2261ad1a8b7d96044a0cfa88	https://deb.debian.org/debian/pool/main/s/systemd/libudev1_257.13-1~deb13u1_amd64.deb	https://snapshot.debian.org/archive/debian/20261001T000000Z/pool/main/s/systemd/libudev1_257.13-1~deb13u1_amd64.deb
libusb-1.0-0	2:1.0.28-1	59552	bb6467a002915c4ac464aa1b22204907951a30e43bcb86596ebd3539e84458e9	https://deb.debian.org/debian/pool/main/libu/libusb-1.0/libusb-1.0-0_1.0.28-1_amd64.deb	https://snapshot.debian.org/archive/debian/20261001T000000Z/pool/main/libu/libusb-1.0/libusb-1.0-0_1.0.28-1_amd64.deb
libzstd1	1.5.7+dfsg-1	303836	2f6a2aeacfc925eba8b00ac9139bc4bfccf8cacb09eb93de067074b26948eef9	https://deb.debian.org/debian/pool/main/libz/libzstd/libzstd1_1.5.7+dfsg-1_amd64.deb	https://snapshot.debian.org/archive/debian/20261001T000000Z/pool/main/libz/libzstd/libzstd1_1.5.7+dfsg-1_amd64.deb
openocd	0.12.0-3+b2	3529116	28c1d7bda2fa002d2018a720332d74e225da24f0f03f61c0e2a662ef38098869	https://deb.debian.org/debian/pool/main/o/openocd/openocd_0.12.0-3+b2_amd64.deb	https://snapshot.debian.org/archive/debian/20261001T000000Z/pool/main/o/openocd/openocd_0.12.0-3+b2_amd64.deb
openssl-provider-legacy	3.5.7-1~deb13u2	316132	f155c8191ae6d41da73d792f4182680aeafeb85c3dd223934ee9fdd115c4f1fa	https://deb.debian.org/debian/pool/main/o/openssl/openssl-provider-legacy_3.5.7-1~deb13u2_amd64.deb	https://snapshot.debian.org/archive/debian/20261001T000000Z/pool/main/o/openssl/openssl-provider-legacy_3.5.7-1~deb13u2_amd64.deb
zlib1g	1:1.3.dfsg+really1.3.1-1+b1	88892	015be740d6236ad114582dea500c1d907f29e16d6db00566ca32fb68d71ac90d	https://deb.debian.org/debian/pool/main/z/zlib/zlib1g_1.3.dfsg+really1.3.1-1+b1_amd64.deb	https://snapshot.debian.org/archive/debian/20261001T000000Z/pool/main/z/zlib/zlib1g_1.3.dfsg+really1.3.1-1+b1_amd64.deb
