# part	xc7a200tfbg484-2
# grid	164	210
total	core	10719	6	4	97	145	147	209
total	crossing	375	0	0	104	122	144	165
total	ethernet	1830	1	0	36	104	113	157
total	memory	9493	0	0	133	163	124	209
total	top	220	0	0	0	163	113	167
total	video	245	12	0	1	106	127	170
cell	core	100	149	3
cell	core	100	158	9
cell	core	100	159	8
cell	core	100	160	8
cell	core	100	163	3
cell	core	100	164	12
cell	core	100	165	1
cell	core	100	169	6
cell	core	100	170	1
cell	core	100	174	1
cell	core	100	175	1
cell	core	100	176	1
cell	core	100	177	1
cell	core	100	178	1
cell	core	100	179	1
cell	core	100	180	1
cell	core	100	181	1
cell	core	100	184	1
cell	core	100	185	5
cell	core	100	186	5
cell	core	100	187	7
cell	core	100	188	6
cell	core	100	189	8
cell	core	100	190	7
cell	core	100	191	7
cell	core	100	192	7
cell	core	100	193	1
cell	core	101	149	4
cell	core	101	150	5
cell	core	101	158	9
cell	core	101	159	11
cell	core	101	160	8
cell	core	101	163	9
cell	core	101	164	5
cell	core	101	165	4
cell	core	101	168	2
cell	core	101	169	6
cell	core	101	170	5
cell	core	101	171	1
cell	core	101	172	1
cell	core	101	174	6
cell	core	101	175	7
cell	core	101	176	6
cell	core	101	177	7
cell	core	101	178	7
cell	core	101	179	7
cell	core	101	180	8
cell	core	101	181	6
cell	core	101	184	5
cell	core	101	185	5
cell	core	101	186	5
cell	core	101	187	5
cell	core	101	188	9
cell	core	101	189	5
cell	core	101	190	8
cell	core	101	191	5
cell	core	101	192	8
cell	core	101	193	8
cell	core	101	194	2
cell	core	101	195	4
cell	core	102	149	6
cell	core	102	150	4
cell	core	102	151	7
cell	core	102	156	8
cell	core	102	157	4
cell	core	102	158	6
cell	core	102	159	16
cell	core	102	160	8
cell	core	102	161	8
cell	core	102	163	3
cell	core	102	164	4
cell	core	102	165	12
cell	core	102	168	3
cell	core	102	169	5
cell	core	102	170	3
cell	core	102	171	4
cell	core	102	172	1
cell	core	102	173	1
cell	core	102	174	2
cell	core	102	175	6
cell	core	102	176	6
cell	core	102	177	2
cell	core	102	180	4
cell	core	102	181	2
cell	core	102	184	4
cell	core	102	185	8
cell	core	102	186	5
cell	core	102	187	6
cell	core	102	188	8
cell	core	102	189	10
cell	core	102	190	13
cell	core	102	191	12
cell	core	102	192	13
cell	core	102	193	2
cell	core	102	194	7
cell	core	102	195	6
cell	core	102	196	1
cell	core	103	155	8
cell	core	103	156	6
cell	core	103	159	4
cell	core	103	160	8
cell	core	103	164	3
cell	core	103	165	4
cell	core	103	167	1
cell	core	103	168	9
cell	core	103	169	11
cell	core	103	170	10
cell	core	103	171	8
cell	core	103	172	4
cell	core	103	174	6
cell	core	103	175	7
cell	core	103	184	2
cell	core	103	185	6
cell	core	103	186	6
cell	core	103	187	4
cell	core	103	188	7
cell	core	103	189	9
cell	core	103	190	9
cell	core	103	191	9
cell	core	103	192	9
cell	core	103	193	5
cell	core	103	194	5
cell	core	103	195	5
cell	core	104	149	1
cell	core	104	151	2
cell	core	104	152	1
cell	core	104	154	6
cell	core	104	155	5
cell	core	104	156	4
cell	core	104	159	2
cell	core	104	160	4
cell	core	104	161	12
cell	core	104	162	4
cell	core	104	163	1
cell	core	104	164	6
cell	core	104	165	3
cell	core	104	166	12
cell	core	104	168	1
cell	core	104	169	9
cell	core	104	170	8
cell	core	104	171	9
cell	core	104	172	6
cell	core	104	173	4
cell	core	104	175	3
cell	core	104	178	5
cell	core	104	179	2
cell	core	104	187	3
cell	core	104	188	5
cell	core	104	189	4
cell	core	104	190	3
cell	core	104	191	8
cell	core	104	193	6
cell	core	104	194	4
cell	core	104	195	4
cell	core	104	196	2
cell	core	105	151	1
cell	core	105	152	9
cell	core	105	153	5
cell	core	105	155	11
cell	core	105	160	12
cell	core	105	161	4
cell	core	105	163	3
cell	core	105	164	2
cell	core	105	165	3
cell	core	105	166	1
cell	core	105	168	3
cell	core	105	169	8
cell	core	105	170	5
cell	core	105	171	10
cell	core	105	172	9
cell	core	105	178	7
cell	core	105	186	3
cell	core	105	187	4
cell	core	105	188	4
cell	core	105	189	5
cell	core	105	190	4
cell	core	105	191	5
cell	core	105	192	3
cell	core	105	193	4
cell	core	105	194	6
cell	core	105	195	4
cell	core	105	196	5
cell	core	106	150	4
cell	core	106	152	3
cell	core	106	155	6
cell	core	106	156	7
cell	core	106	160	4
cell	core	106	168	3
cell	core	106	169	8
cell	core	106	170	10
cell	core	106	171	9
cell	core	106	172	9
cell	core	106	173	9
cell	core	106	176	1
cell	core	106	177	4
cell	core	106	178	8
cell	core	106	179	4
cell	core	106	180	1
cell	core	106	183	2
cell	core	106	185	4
cell	core	106	186	6
cell	core	106	187	5
cell	core	106	188	5
cell	core	106	189	5
cell	core	106	190	5
cell	core	106	191	5
cell	core	106	192	5
cell	core	106	193	4
cell	core	106	194	4
cell	core	106	195	5
cell	core	106	196	5
cell	core	106	197	5
cell	core	106	198	4
cell	core	107	150	2
cell	core	107	151	6
cell	core	107	152	8
cell	core	107	154	6
cell	core	107	155	3
cell	core	107	156	8
cell	core	107	163	1
cell	core	107	164	6
cell	core	107	166	2
cell	core	107	167	2
cell	core	107	168	1
cell	core	107	169	8
cell	core	107	170	8
cell	core	107	171	8
cell	core	107	172	5
cell	core	107	174	2
cell	core	107	176	5
cell	core	107	177	7
cell	core	107	178	4
cell	core	107	179	8
cell	core	107	180	6
cell	core	107	181	2
cell	core	107	182	2
cell	core	107	183	1
cell	core	107	184	2
cell	core	107	185	4
cell	core	107	186	4
cell	core	107	187	4
cell	core	107	188	4
cell	core	107	189	4
cell	core	107	190	4
cell	core	107	191	4
cell	core	107	192	4
cell	core	107	193	4
cell	core	107	194	4
cell	core	107	195	5
cell	core	107	196	5
cell	core	107	197	4
cell	core	107	198	1
cell	core	108	150	4
cell	core	108	151	2
cell	core	108	152	1
cell	core	108	153	6
cell	core	108	154	5
cell	core	108	155	5
cell	core	108	156	5
cell	core	108	157	5
cell	core	108	158	5
cell	core	108	159	5
cell	core	108	160	5
cell	core	108	166	10
cell	core	108	167	8
cell	core	108	168	1
cell	core	108	169	1
cell	core	108	170	7
cell	core	108	171	7
cell	core	108	172	2
cell	core	108	174	4
cell	core	108	175	4
cell	core	108	176	6
cell	core	108	177	6
cell	core	108	178	6
cell	core	108	179	10
cell	core	108	180	7
cell	core	108	181	5
cell	core	108	182	5
cell	core	108	183	5
cell	core	108	184	5
cell	core	108	185	5
cell	core	108	186	5
cell	core	108	187	5
cell	core	108	188	5
cell	core	108	189	5
cell	core	108	190	5
cell	core	108	191	5
cell	core	108	192	5
cell	core	108	193	5
cell	core	108	194	5
cell	core	108	195	5
cell	core	108	196	4
cell	core	108	197	6
cell	core	108	198	1
cell	core	109	150	2
cell	core	109	151	1
cell	core	109	153	1
cell	core	109	154	5
cell	core	109	155	4
cell	core	109	156	8
cell	core	109	157	13
cell	core	109	158	7
cell	core	109	159	2
cell	core	109	160	1
cell	core	109	161	1
cell	core	109	162	2
cell	core	109	163	2
cell	core	109	164	3
cell	core	109	165	6
cell	core	109	166	7
cell	core	109	167	10
cell	core	109	168	4
cell	core	109	169	2
cell	core	109	170	6
cell	core	109	171	6
cell	core	109	172	4
cell	core	109	174	5
cell	core	109	175	8
cell	core	109	176	8
cell	core	109	177	6
cell	core	109	178	6
cell	core	109	179	5
cell	core	109	180	6
cell	core	109	181	8
cell	core	109	182	5
cell	core	109	183	5
cell	core	109	184	5
cell	core	109	185	5
cell	core	109	186	5
cell	core	109	187	5
cell	core	109	188	5
cell	core	109	189	4
cell	core	109	190	4
cell	core	109	191	5
cell	core	109	192	4
cell	core	109	193	4
cell	core	109	194	4
cell	core	109	195	4
cell	core	109	196	5
cell	core	109	197	5
cell	core	109	198	3
cell	core	110	149	1
cell	core	110	150	7
cell	core	110	151	12
cell	core	110	152	7
cell	core	110	154	4
cell	core	110	155	6
cell	core	110	156	4
cell	core	110	157	7
cell	core	110	158	4
cell	core	110	159	10
cell	core	110	161	1
cell	core	110	164	1
cell	core	110	165	8
cell	core	110	166	8
cell	core	110	167	5
cell	core	110	168	8
cell	core	110	169	8
cell	core	110	170	5
cell	core	110	171	4
cell	core	110	172	2
cell	core	110	173	1
cell	core	110	174	5
cell	core	110	175	5
cell	core	110	176	1
cell	core	110	177	4
cell	core	110	178	5
cell	core	110	179	4
cell	core	110	180	3
cell	core	110	181	3
cell	core	110	182	1
cell	core	110	183	1
cell	core	110	184	1
cell	core	110	185	1
cell	core	110	186	1
cell	core	110	187	4
cell	core	110	188	4
cell	core	110	189	4
cell	core	110	190	4
cell	core	110	191	4
cell	core	110	192	6
cell	core	110	193	12
cell	core	110	194	6
cell	core	110	195	4
cell	core	110	196	3
cell	core	110	197	2
cell	core	111	149	6
cell	core	111	150	3
cell	core	111	152	2
cell	core	111	153	1
cell	core	111	154	2
cell	core	111	155	2
cell	core	111	156	4
cell	core	111	157	6
cell	core	111	165	6
cell	core	111	166	8
cell	core	111	167	7
cell	core	111	168	8
cell	core	111	169	5
cell	core	111	170	1
cell	core	111	171	4
cell	core	111	172	1
cell	core	111	174	9
cell	core	111	175	11
cell	core	111	176	10
cell	core	111	177	12
cell	core	111	178	13
cell	core	111	179	10
cell	core	111	180	10
cell	core	111	181	10
cell	core	111	182	1
cell	core	111	183	1
cell	core	111	184	3
cell	core	111	185	5
cell	core	111	186	4
cell	core	111	187	4
cell	core	111	188	5
cell	core	111	189	4
cell	core	111	190	4
cell	core	111	191	4
cell	core	111	192	5
cell	core	111	193	7
cell	core	111	194	5
cell	core	111	195	6
cell	core	111	196	4
cell	core	112	149	6
cell	core	112	150	6
cell	core	112	151	4
cell	core	112	152	4
cell	core	112	153	7
cell	core	112	154	4
cell	core	112	155	8
cell	core	112	156	2
cell	core	112	157	6
cell	core	112	158	16
cell	core	112	166	8
cell	core	112	167	9
cell	core	112	168	8
cell	core	112	169	4
cell	core	112	170	4
cell	core	112	171	8
cell	core	112	172	1
cell	core	112	174	5
cell	core	112	175	6
cell	core	112	176	6
cell	core	112	177	6
cell	core	112	178	7
cell	core	112	179	8
cell	core	112	180	5
cell	core	112	181	8
cell	core	112	186	4
cell	core	112	187	5
cell	core	112	188	4
cell	core	112	189	5
cell	core	112	190	5
cell	core	112	191	6
cell	core	112	192	4
cell	core	112	193	4
cell	core	112	194	4
cell	core	112	195	4
cell	core	112	196	3
cell	core	112	197	3
cell	core	113	149	7
cell	core	113	150	7
cell	core	113	151	2
cell	core	113	152	3
cell	core	113	153	3
cell	core	113	154	3
cell	core	113	155	6
cell	core	113	156	5
cell	core	113	157	8
cell	core	113	158	8
cell	core	113	159	1
cell	core	113	165	7
cell	core	113	166	8
cell	core	113	167	10
cell	core	113	168	8
cell	core	113	169	8
cell	core	113	171	10
cell	core	113	175	7
cell	core	113	176	6
cell	core	113	177	9
cell	core	113	178	7
cell	core	113	179	10
cell	core	113	180	6
cell	core	113	181	8
cell	core	113	186	5
cell	core	113	187	4
cell	core	113	188	4
cell	core	113	189	4
cell	core	113	190	4
cell	core	113	191	5
cell	core	113	192	5
cell	core	113	193	5
cell	core	113	194	6
cell	core	113	195	4
cell	core	113	196	3
cell	core	114	149	8
cell	core	114	150	12
cell	core	114	151	2
cell	core	114	152	8
cell	core	114	153	6
cell	core	114	154	4
cell	core	114	155	5
cell	core	114	156	6
cell	core	114	157	6
cell	core	114	158	8
cell	core	114	159	7
cell	core	114	160	8
cell	core	114	161	8
cell	core	114	162	5
cell	core	114	165	7
cell	core	114	167	5
cell	core	114	168	9
cell	core	114	170	2
cell	core	114	171	2
cell	core	114	172	4
cell	core	114	174	6
cell	core	114	175	8
cell	core	114	176	8
cell	core	114	177	6
cell	core	114	178	12
cell	core	114	179	5
cell	core	114	180	5
cell	core	114	181	2
cell	core	114	182	6
cell	core	114	183	4
cell	core	114	184	4
cell	core	114	186	2
cell	core	114	187	4
cell	core	114	188	5
cell	core	114	189	5
cell	core	114	190	5
cell	core	114	191	5
cell	core	114	192	5
cell	core	114	193	5
cell	core	114	194	5
cell	core	114	195	4
cell	core	114	196	7
cell	core	114	198	3
cell	core	115	149	5
cell	core	115	150	7
cell	core	115	152	8
cell	core	115	154	4
cell	core	115	156	8
cell	core	115	157	3
cell	core	115	158	6
cell	core	115	159	8
cell	core	115	160	6
cell	core	115	162	4
cell	core	115	165	4
cell	core	115	166	8
cell	core	115	167	6
cell	core	115	168	7
cell	core	115	170	5
cell	core	115	171	5
cell	core	115	172	3
cell	core	115	174	3
cell	core	115	175	16
cell	core	115	176	12
cell	core	115	177	12
cell	core	115	178	8
cell	core	115	179	5
cell	core	115	180	6
cell	core	115	182	8
cell	core	115	183	7
cell	core	115	184	3
cell	core	115	186	4
cell	core	115	187	4
cell	core	115	188	5
cell	core	115	189	1
cell	core	115	190	4
cell	core	115	191	5
cell	core	115	192	5
cell	core	115	193	7
cell	core	115	194	5
cell	core	115	195	5
cell	core	115	196	2
cell	core	115	197	4
cell	core	115	198	2
cell	core	115	199	6
cell	core	115	201	2
cell	core	115	202	8
cell	core	115	204	2
cell	core	116	149	2
cell	core	116	150	4
cell	core	116	152	3
cell	core	116	153	6
cell	core	116	154	6
cell	core	116	155	2
cell	core	116	156	6
cell	core	116	157	2
cell	core	116	159	4
cell	core	116	164	6
cell	core	116	165	8
cell	core	116	166	9
cell	core	116	167	9
cell	core	116	169	11
cell	core	116	170	10
cell	core	116	171	9
cell	core	116	172	6
cell	core	116	175	6
cell	core	116	176	6
cell	core	116	177	5
cell	core	116	178	7
cell	core	116	179	8
cell	core	116	180	2
cell	core	116	182	8
cell	core	116	183	8
cell	core	116	184	4
cell	core	116	185	4
cell	core	116	187	5
cell	core	116	188	6
cell	core	116	189	7
cell	core	116	190	4
cell	core	116	191	5
cell	core	116	192	1
cell	core	116	193	1
cell	core	116	194	1
cell	core	116	195	1
cell	core	116	196	1
cell	core	116	197	1
cell	core	116	198	1
cell	core	116	199	1
cell	core	116	200	1
cell	core	116	201	1
cell	core	116	202	1
cell	core	116	203	1
cell	core	116	204	1
cell	core	116	205	1
cell	core	116	206	1
cell	core	116	207	1
cell	core	117	150	1
cell	core	117	152	3
cell	core	117	153	2
cell	core	117	154	3
cell	core	117	155	5
cell	core	117	156	7
cell	core	117	157	6
cell	core	117	158	8
cell	core	117	159	5
cell	core	117	162	4
cell	core	117	164	4
cell	core	117	165	7
cell	core	117	166	4
cell	core	117	167	8
cell	core	117	169	6
cell	core	117	170	8
cell	core	117	171	7
cell	core	117	172	8
cell	core	117	174	3
cell	core	117	176	6
cell	core	117	177	5
cell	core	117	178	6
cell	core	117	179	2
cell	core	117	182	8
cell	core	117	183	8
cell	core	117	184	5
cell	core	117	185	6
cell	core	117	187	4
cell	core	117	188	4
cell	core	117	189	5
cell	core	117	190	5
cell	core	117	191	3
cell	core	117	192	5
cell	core	117	194	7
cell	core	117	195	8
cell	core	117	196	8
cell	core	117	197	8
cell	core	117	198	8
cell	core	117	199	6
cell	core	117	200	7
cell	core	117	201	7
cell	core	117	202	4
cell	core	117	203	8
cell	core	117	204	7
cell	core	117	205	8
cell	core	117	206	8
cell	core	118	152	8
cell	core	118	153	3
cell	core	118	154	5
cell	core	118	155	10
cell	core	118	156	3
cell	core	118	157	6
cell	core	118	158	1
cell	core	118	161	6
cell	core	118	162	5
cell	core	118	164	2
cell	core	118	165	5
cell	core	118	166	6
cell	core	118	167	16
cell	core	118	168	2
cell	core	118	169	11
cell	core	118	171	7
cell	core	118	174	6
cell	core	118	176	4
cell	core	118	177	9
cell	core	118	178	12
cell	core	118	179	12
cell	core	118	180	2
cell	core	118	182	8
cell	core	118	183	8
cell	core	118	184	8
cell	core	118	185	7
cell	core	118	186	11
cell	core	118	187	4
cell	core	118	188	4
cell	core	118	189	3
cell	core	118	190	5
cell	core	118	191	6
cell	core	118	193	2
cell	core	118	194	6
cell	core	118	195	4
cell	core	118	196	6
cell	core	118	197	4
cell	core	118	198	6
cell	core	118	199	6
cell	core	118	200	6
cell	core	118	201	5
cell	core	118	202	5
cell	core	118	203	5
cell	core	118	204	5
cell	core	118	205	4
cell	core	119	152	4
cell	core	119	153	2
cell	core	119	155	8
cell	core	119	156	8
cell	core	119	157	6
cell	core	119	161	11
cell	core	119	162	6
cell	core	119	163	2
cell	core	119	164	7
cell	core	119	165	3
cell	core	119	166	5
cell	core	119	167	4
cell	core	119	168	4
cell	core	119	169	6
cell	core	119	170	6
cell	core	119	171	4
cell	core	119	174	7
cell	core	119	175	3
cell	core	119	176	1
cell	core	119	177	3
cell	core	119	178	4
cell	core	119	179	6
cell	core	119	180	8
cell	core	119	181	2
cell	core	119	182	6
cell	core	119	183	8
cell	core	119	184	8
cell	core	119	185	10
cell	core	119	186	1
cell	core	119	187	4
cell	core	119	188	5
cell	core	119	189	2
cell	core	119	190	2
cell	core	119	191	2
cell	core	119	192	2
cell	core	119	193	4
cell	core	119	194	6
cell	core	119	195	7
cell	core	119	196	7
cell	core	119	197	6
cell	core	119	198	6
cell	core	119	199	5
cell	core	119	200	5
cell	core	119	201	4
cell	core	119	202	4
cell	core	119	203	6
cell	core	119	204	4
cell	core	119	205	4
cell	core	119	206	8
cell	core	120	152	8
cell	core	120	153	10
cell	core	120	154	8
cell	core	120	155	13
cell	core	120	156	9
cell	core	120	157	9
cell	core	120	158	9
cell	core	120	159	9
cell	core	120	160	9
cell	core	120	161	9
cell	core	120	162	9
cell	core	120	163	9
cell	core	120	164	6
cell	core	120	165	6
cell	core	120	166	9
cell	core	120	167	6
cell	core	120	169	6
cell	core	120	170	1
cell	core	120	171	2
cell	core	120	174	14
cell	core	120	176	2
cell	core	120	177	4
cell	core	120	178	4
cell	core	120	179	4
cell	core	120	180	16
cell	core	120	181	16
cell	core	120	182	7
cell	core	120	183	2
cell	core	120	184	7
cell	core	120	185	8
cell	core	120	186	8
cell	core	120	187	4
cell	core	120	188	4
cell	core	120	189	1
cell	core	120	190	5
cell	core	120	191	3
cell	core	120	192	1
cell	core	120	193	5
cell	core	120	194	1
cell	core	120	195	1
cell	core	120	196	1
cell	core	120	197	1
cell	core	120	198	1
cell	core	120	199	1
cell	core	120	200	2
cell	core	120	201	3
cell	core	120	202	2
cell	core	120	203	2
cell	core	120	204	3
cell	core	120	205	1
cell	core	120	206	1
cell	core	120	207	1
cell	core	120	208	1
cell	core	120	209	1
cell	core	121	152	4
cell	core	121	153	2
cell	core	121	154	10
cell	core	121	155	13
cell	core	121	156	4
cell	core	121	157	6
cell	core	121	159	4
cell	core	121	160	11
cell	core	121	161	10
cell	core	121	162	10
cell	core	121	163	8
cell	core	121	164	14
cell	core	121	165	8
cell	core	121	166	4
cell	core	121	167	8
cell	core	121	168	2
cell	core	121	169	1
cell	core	121	170	6
cell	core	121	171	2
cell	core	121	173	2
cell	core	121	176	4
cell	core	121	177	4
cell	core	121	178	6
cell	core	121	179	2
cell	core	121	180	8
cell	core	121	181	8
cell	core	121	182	8
cell	core	121	183	5
cell	core	121	184	9
cell	core	121	185	7
cell	core	121	186	4
cell	core	121	188	4
cell	core	121	189	1
cell	core	121	191	6
cell	core	121	192	2
cell	core	121	193	7
cell	core	121	194	8
cell	core	121	195	7
cell	core	121	196	7
cell	core	121	197	8
cell	core	121	198	7
cell	core	121	199	8
cell	core	121	200	7
cell	core	121	201	7
cell	core	121	202	8
cell	core	121	203	5
cell	core	121	204	8
cell	core	121	205	7
cell	core	121	206	8
cell	core	122	152	8
cell	core	122	153	6
cell	core	122	154	4
cell	core	122	155	8
cell	core	122	156	10
cell	core	122	157	6
cell	core	122	158	16
cell	core	122	159	12
cell	core	122	160	4
cell	core	122	161	7
cell	core	122	162	13
cell	core	122	163	8
cell	core	122	164	4
cell	core	122	165	5
cell	core	122	167	6
cell	core	122	168	8
cell	core	122	169	16
cell	core	122	170	7
cell	core	122	171	5
cell	core	122	172	4
cell	core	122	173	7
cell	core	122	174	8
cell	core	122	175	4
cell	core	122	176	6
cell	core	122	177	16
cell	core	122	178	6
cell	core	122	179	8
cell	core	122	180	8
cell	core	122	181	8
cell	core	122	182	8
cell	core	122	183	6
cell	core	122	184	8
cell	core	122	185	5
cell	core	122	186	5
cell	core	122	187	5
cell	core	122	188	5
cell	core	122	189	5
cell	core	122	190	5
cell	core	122	191	5
cell	core	122	192	5
cell	core	122	193	4
cell	core	122	194	8
cell	core	122	195	6
cell	core	122	196	5
cell	core	122	197	6
cell	core	122	198	5
cell	core	122	199	5
cell	core	122	200	6
cell	core	122	201	5
cell	core	122	202	7
cell	core	122	203	8
cell	core	122	204	4
cell	core	122	205	7
cell	core	123	152	3
cell	core	123	153	3
cell	core	123	154	2
cell	core	123	155	6
cell	core	123	156	13
cell	core	123	157	4
cell	core	123	158	8
cell	core	123	159	8
cell	core	123	160	12
cell	core	123	161	6
cell	core	123	162	6
cell	core	123	163	8
cell	core	123	164	10
cell	core	123	165	7
cell	core	123	166	6
cell	core	123	167	8
cell	core	123	168	8
cell	core	123	169	8
cell	core	123	170	8
cell	core	123	171	3
cell	core	123	172	7
cell	core	123	173	6
cell	core	123	174	7
cell	core	123	176	8
cell	core	123	177	4
cell	core	123	179	8
cell	core	123	180	4
cell	core	123	181	8
cell	core	123	182	7
cell	core	123	183	6
cell	core	123	184	7
cell	core	123	185	8
cell	core	123	186	4
cell	core	123	187	5
cell	core	123	188	4
cell	core	123	189	4
cell	core	123	190	3
cell	core	123	191	5
cell	core	123	192	5
cell	core	123	193	5
cell	core	123	194	5
cell	core	123	195	6
cell	core	123	196	6
cell	core	123	197	3
cell	core	123	198	7
cell	core	123	199	8
cell	core	123	200	6
cell	core	123	201	6
cell	core	123	202	9
cell	core	123	203	9
cell	core	123	204	5
cell	core	124	155	10
cell	core	124	156	8
cell	core	124	157	16
cell	core	124	158	16
cell	core	124	160	2
cell	core	124	161	8
cell	core	124	162	6
cell	core	124	163	7
cell	core	124	164	3
cell	core	124	165	6
cell	core	124	166	6
cell	core	124	167	5
cell	core	124	168	8
cell	core	124	169	6
cell	core	124	170	6
cell	core	124	171	4
cell	core	124	172	6
cell	core	124	173	2
cell	core	124	174	13
cell	core	124	175	12
cell	core	124	176	7
cell	core	124	177	8
cell	core	124	178	4
cell	core	124	179	8
cell	core	124	180	12
cell	core	124	181	9
cell	core	124	182	2
cell	core	124	183	6
cell	core	124	185	4
cell	core	124	186	5
cell	core	124	187	5
cell	core	124	188	6
cell	core	124	189	3
cell	core	124	190	4
cell	core	124	191	1
cell	core	124	192	4
cell	core	124	193	4
cell	core	124	194	5
cell	core	124	195	6
cell	core	124	196	4
cell	core	124	197	8
cell	core	124	198	4
cell	core	124	199	6
cell	core	124	200	7
cell	core	124	201	7
cell	core	124	202	8
cell	core	124	203	4
cell	core	124	204	5
cell	core	125	155	9
cell	core	125	156	6
cell	core	125	157	8
cell	core	125	158	8
cell	core	125	160	8
cell	core	125	161	8
cell	core	125	162	16
cell	core	125	163	6
cell	core	125	164	7
cell	core	125	165	8
cell	core	125	166	16
cell	core	125	167	8
cell	core	125	168	4
cell	core	125	169	7
cell	core	125	170	7
cell	core	125	171	8
cell	core	125	172	8
cell	core	125	174	4
cell	core	125	175	8
cell	core	125	176	14
cell	core	125	177	6
cell	core	125	178	6
cell	core	125	179	3
cell	core	125	180	6
cell	core	125	181	8
cell	core	125	186	4
cell	core	125	187	12
cell	core	125	188	9
cell	core	125	189	9
cell	core	125	190	10
cell	core	125	191	3
cell	core	125	192	4
cell	core	125	193	8
cell	core	125	194	6
cell	core	125	195	5
cell	core	125	196	8
cell	core	125	197	8
cell	core	125	198	8
cell	core	125	199	8
cell	core	125	200	8
cell	core	125	201	8
cell	core	125	202	14
cell	core	125	203	6
cell	core	125	204	4
cell	core	125	205	1
cell	core	126	155	4
cell	core	126	156	2
cell	core	126	160	4
cell	core	126	161	8
cell	core	126	162	8
cell	core	126	163	7
cell	core	126	164	11
cell	core	126	165	8
cell	core	126	166	6
cell	core	126	167	7
cell	core	126	168	4
cell	core	126	169	7
cell	core	126	170	8
cell	core	126	171	4
cell	core	126	172	9
cell	core	126	173	12
cell	core	126	174	12
cell	core	126	175	4
cell	core	126	176	8
cell	core	126	177	13
cell	core	126	178	13
cell	core	126	180	8
cell	core	126	181	3
cell	core	126	182	6
cell	core	126	185	3
cell	core	126	186	5
cell	core	126	187	5
cell	core	126	188	4
cell	core	126	189	2
cell	core	126	190	4
cell	core	126	191	3
cell	core	126	193	4
cell	core	126	194	1
cell	core	126	195	1
cell	core	126	196	1
cell	core	126	197	1
cell	core	126	198	3
cell	core	126	199	4
cell	core	126	200	4
cell	core	126	201	5
cell	core	126	202	9
cell	core	126	203	11
cell	core	126	204	6
cell	core	126	205	4
cell	core	127	155	2
cell	core	127	160	2
cell	core	127	161	4
cell	core	127	162	12
cell	core	127	163	8
cell	core	127	164	8
cell	core	127	165	6
cell	core	127	166	5
cell	core	127	167	12
cell	core	127	168	3
cell	core	127	169	7
cell	core	127	170	7
cell	core	127	171	7
cell	core	127	172	9
cell	core	127	174	5
cell	core	127	175	6
cell	core	127	176	7
cell	core	127	177	5
cell	core	127	178	4
cell	core	127	179	1
cell	core	127	180	4
cell	core	127	181	4
cell	core	127	182	16
cell	core	127	183	1
cell	core	127	184	1
cell	core	127	185	5
cell	core	127	186	1
cell	core	127	187	7
cell	core	127	188	5
cell	core	127	189	4
cell	core	127	190	2
cell	core	127	192	3
cell	core	127	193	10
cell	core	127	194	10
cell	core	127	195	8
cell	core	127	196	5
cell	core	127	197	5
cell	core	127	198	5
cell	core	127	199	6
cell	core	127	200	3
cell	core	127	201	5
cell	core	127	202	8
cell	core	127	203	8
cell	core	127	204	7
cell	core	127	205	2
cell	core	127	206	4
cell	core	128	147	6
cell	core	128	148	14
cell	core	128	149	10
cell	core	128	150	7
cell	core	128	151	13
cell	core	128	152	5
cell	core	128	153	13
cell	core	128	154	4
cell	core	128	155	4
cell	core	128	156	8
cell	core	128	158	2
cell	core	128	159	4
cell	core	128	161	2
cell	core	128	162	7
cell	core	128	163	7
cell	core	128	164	14
cell	core	128	165	5
cell	core	128	166	6
cell	core	128	167	5
cell	core	128	168	7
cell	core	128	169	5
cell	core	128	170	4
cell	core	128	171	7
cell	core	128	172	9
cell	core	128	173	4
cell	core	128	175	8
cell	core	128	176	5
cell	core	128	177	5
cell	core	128	178	6
cell	core	128	179	4
cell	core	128	180	4
cell	core	128	181	4
cell	core	128	182	9
cell	core	128	183	10
cell	core	128	184	4
cell	core	128	185	10
cell	core	128	186	9
cell	core	128	187	9
cell	core	128	188	9
cell	core	128	189	1
cell	core	128	190	9
cell	core	128	191	12
cell	core	128	192	9
cell	core	128	193	8
cell	core	128	194	16
cell	core	128	195	7
cell	core	128	196	7
cell	core	128	197	4
cell	core	128	198	7
cell	core	128	199	5
cell	core	128	200	7
cell	core	128	201	7
cell	core	128	202	8
cell	core	128	203	6
cell	core	128	204	7
cell	core	128	205	6
cell	core	129	147	1
cell	core	129	148	2
cell	core	129	149	1
cell	core	129	150	1
cell	core	129	151	1
cell	core	129	152	1
cell	core	129	153	1
cell	core	129	154	1
cell	core	129	155	8
cell	core	129	156	16
cell	core	129	157	8
cell	core	129	158	4
cell	core	129	159	4
cell	core	129	160	8
cell	core	129	161	7
cell	core	129	162	5
cell	core	129	163	6
cell	core	129	164	4
cell	core	129	165	7
cell	core	129	166	7
cell	core	129	167	8
cell	core	129	168	13
cell	core	129	169	3
cell	core	129	171	3
cell	core	129	172	5
cell	core	129	173	3
cell	core	129	174	5
cell	core	129	175	10
cell	core	129	176	10
cell	core	129	177	5
cell	core	129	178	7
cell	core	129	180	5
cell	core	129	181	8
cell	core	129	182	4
cell	core	129	183	8
cell	core	129	184	2
cell	core	129	185	2
cell	core	129	186	3
cell	core	129	187	9
cell	core	129	188	9
cell	core	129	189	9
cell	core	129	190	9
cell	core	129	191	5
cell	core	129	192	5
cell	core	129	193	5
cell	core	129	194	7
cell	core	129	195	5
cell	core	129	196	5
cell	core	129	197	5
cell	core	129	198	5
cell	core	129	199	6
cell	core	129	200	7
cell	core	129	201	8
cell	core	129	202	7
cell	core	129	203	8
cell	core	129	204	6
cell	core	129	205	7
cell	core	130	153	2
cell	core	130	154	8
cell	core	130	155	8
cell	core	130	156	8
cell	core	130	157	6
cell	core	130	158	6
cell	core	130	159	16
cell	core	130	160	8
cell	core	130	161	16
cell	core	130	162	8
cell	core	130	163	2
cell	core	130	164	8
cell	core	130	165	7
cell	core	130	166	11
cell	core	130	167	13
cell	core	130	168	7
cell	core	130	169	13
cell	core	130	170	11
cell	core	130	171	14
cell	core	130	173	9
cell	core	130	174	9
cell	core	130	175	4
cell	core	130	176	16
cell	core	130	177	4
cell	core	130	178	6
cell	core	130	179	1
cell	core	130	180	10
cell	core	130	181	4
cell	core	130	182	1
cell	core	130	183	7
cell	core	130	184	6
cell	core	130	185	7
cell	core	130	186	5
cell	core	130	187	5
cell	core	130	188	5
cell	core	130	189	1
cell	core	130	190	2
cell	core	130	192	1
cell	core	130	193	4
cell	core	130	194	3
cell	core	130	195	5
cell	core	130	196	1
cell	core	130	197	2
cell	core	130	198	2
cell	core	130	199	1
cell	core	130	200	2
cell	core	130	201	4
cell	core	130	202	7
cell	core	130	203	6
cell	core	130	204	7
cell	core	130	205	6
cell	core	131	153	8
cell	core	131	154	16
cell	core	131	155	16
cell	core	131	156	4
cell	core	131	157	12
cell	core	131	158	8
cell	core	131	159	16
cell	core	131	160	6
cell	core	131	161	4
cell	core	131	162	16
cell	core	131	163	2
cell	core	131	164	16
cell	core	131	165	12
cell	core	131	166	8
cell	core	131	167	8
cell	core	131	168	6
cell	core	131	169	8
cell	core	131	170	8
cell	core	131	171	6
cell	core	131	173	9
cell	core	131	174	10
cell	core	131	175	7
cell	core	131	176	9
cell	core	131	177	4
cell	core	131	178	4
cell	core	131	179	13
cell	core	131	180	1
cell	core	131	181	4
cell	core	131	182	2
cell	core	131	183	8
cell	core	131	184	8
cell	core	131	185	7
cell	core	131	186	5
cell	core	131	187	5
cell	core	131	188	5
cell	core	131	190	2
cell	core	131	192	2
cell	core	131	193	5
cell	core	131	194	6
cell	core	131	195	6
cell	core	131	196	6
cell	core	131	197	6
cell	core	131	198	7
cell	core	131	199	5
cell	core	131	200	10
cell	core	131	201	5
cell	core	131	202	9
cell	core	131	203	8
cell	core	131	204	8
cell	core	131	205	9
cell	core	132	153	8
cell	core	132	154	2
cell	core	132	155	8
cell	core	132	156	8
cell	core	132	157	6
cell	core	132	158	8
cell	core	132	159	8
cell	core	132	160	4
cell	core	132	161	4
cell	core	132	163	12
cell	core	132	164	8
cell	core	132	165	8
cell	core	132	166	2
cell	core	132	167	4
cell	core	132	168	8
cell	core	132	169	6
cell	core	132	170	9
cell	core	132	171	4
cell	core	132	172	8
cell	core	132	173	11
cell	core	132	174	9
cell	core	132	175	12
cell	core	132	176	6
cell	core	132	177	9
cell	core	132	178	4
cell	core	132	179	4
cell	core	132	180	12
cell	core	132	181	4
cell	core	132	182	8
cell	core	132	183	8
cell	core	132	184	16
cell	core	132	185	9
cell	core	132	186	1
cell	core	132	187	9
cell	core	132	188	9
cell	core	132	189	9
cell	core	132	190	9
cell	core	132	191	9
cell	core	132	192	9
cell	core	132	193	9
cell	core	132	194	7
cell	core	132	195	16
cell	core	132	196	11
cell	core	132	197	7
cell	core	132	198	7
cell	core	132	199	16
cell	core	132	200	10
cell	core	132	201	8
cell	core	132	202	8
cell	core	132	203	7
cell	core	132	204	13
cell	core	132	205	1
cell	core	133	153	8
cell	core	133	154	8
cell	core	133	155	4
cell	core	133	156	16
cell	core	133	158	8
cell	core	133	159	8
cell	core	133	160	3
cell	core	133	161	6
cell	core	133	164	4
cell	core	133	165	16
cell	core	133	166	4
cell	core	133	167	8
cell	core	133	168	5
cell	core	133	169	5
cell	core	133	170	5
cell	core	133	171	2
cell	core	133	172	5
cell	core	133	173	10
cell	core	133	174	14
cell	core	133	175	8
cell	core	133	176	8
cell	core	133	177	4
cell	core	133	179	2
cell	core	133	180	6
cell	core	133	182	4
cell	core	133	183	6
cell	core	133	184	2
cell	core	133	185	7
cell	core	133	187	2
cell	core	133	189	1
cell	core	133	190	4
cell	core	133	191	3
cell	core	133	192	4
cell	core	133	193	9
cell	core	133	194	5
cell	core	133	195	7
cell	core	133	196	7
cell	core	133	197	10
cell	core	133	198	5
cell	core	133	199	7
cell	core	133	200	5
cell	core	133	201	7
cell	core	133	202	4
cell	core	133	203	6
cell	core	133	204	5
cell	core	134	153	6
cell	core	134	154	8
cell	core	134	155	4
cell	core	134	156	6
cell	core	134	157	9
cell	core	134	158	8
cell	core	134	160	3
cell	core	134	161	7
cell	core	134	163	9
cell	core	134	164	9
cell	core	134	165	9
cell	core	134	166	9
cell	core	134	167	9
cell	core	134	168	5
cell	core	134	169	11
cell	core	134	170	3
cell	core	134	171	1
cell	core	134	172	6
cell	core	134	173	9
cell	core	134	174	12
cell	core	134	175	2
cell	core	134	176	8
cell	core	134	177	8
cell	core	134	178	2
cell	core	134	180	4
cell	core	134	181	3
cell	core	134	182	8
cell	core	134	183	8
cell	core	134	184	4
cell	core	134	185	7
cell	core	134	186	2
cell	core	134	187	6
cell	core	134	188	2
cell	core	134	189	6
cell	core	134	190	6
cell	core	134	191	4
cell	core	134	192	6
cell	core	134	193	5
cell	core	134	194	5
cell	core	134	195	5
cell	core	134	196	5
cell	core	134	197	5
cell	core	134	198	5
cell	core	134	199	5
cell	core	134	200	4
cell	core	134	201	5
cell	core	134	202	7
cell	core	134	203	5
cell	core	134	204	4
cell	core	134	205	2
cell	core	135	153	8
cell	core	135	154	1
cell	core	135	155	4
cell	core	135	156	6
cell	core	135	157	2
cell	core	135	158	8
cell	core	135	159	8
cell	core	135	160	2
cell	core	135	163	2
cell	core	135	164	10
cell	core	135	165	5
cell	core	135	166	8
cell	core	135	167	16
cell	core	135	168	11
cell	core	135	169	6
cell	core	135	170	6
cell	core	135	171	8
cell	core	135	172	6
cell	core	135	173	4
cell	core	135	174	7
cell	core	135	176	6
cell	core	135	177	2
cell	core	135	178	8
cell	core	135	179	8
cell	core	135	180	7
cell	core	135	181	6
cell	core	135	182	8
cell	core	135	183	16
cell	core	135	184	4
cell	core	135	185	8
cell	core	135	187	5
cell	core	135	188	10
cell	core	135	189	6
cell	core	135	190	8
cell	core	135	191	5
cell	core	135	192	5
cell	core	135	193	5
cell	core	135	194	6
cell	core	135	195	5
cell	core	135	196	4
cell	core	135	197	6
cell	core	135	198	5
cell	core	135	199	6
cell	core	135	200	10
cell	core	135	201	9
cell	core	135	202	6
cell	core	135	203	7
cell	core	135	204	6
cell	core	135	205	5
cell	core	136	153	8
cell	core	136	155	6
cell	core	136	156	7
cell	core	136	157	4
cell	core	136	158	9
cell	core	136	159	4
cell	core	136	160	16
cell	core	136	161	8
cell	core	136	163	8
cell	core	136	164	8
cell	core	136	165	9
cell	core	136	166	8
cell	core	136	167	8
cell	core	136	168	6
cell	core	136	169	6
cell	core	136	170	7
cell	core	136	171	8
cell	core	136	172	8
cell	core	136	173	8
cell	core	136	174	1
cell	core	136	175	6
cell	core	136	176	8
cell	core	136	177	8
cell	core	136	178	7
cell	core	136	179	7
cell	core	136	180	8
cell	core	136	181	8
cell	core	136	182	8
cell	core	136	183	8
cell	core	136	184	8
cell	core	136	185	4
cell	core	136	186	2
cell	core	136	187	6
cell	core	136	188	9
cell	core	136	189	9
cell	core	136	190	8
cell	core	136	191	7
cell	core	136	192	7
cell	core	136	193	6
cell	core	136	194	7
cell	core	136	195	5
cell	core	136	196	5
cell	core	136	197	5
cell	core	136	198	5
cell	core	136	199	8
cell	core	136	200	4
cell	core	136	201	7
cell	core	136	202	7
cell	core	136	203	6
cell	core	136	204	6
cell	core	137	155	16
cell	core	137	156	8
cell	core	137	158	3
cell	core	137	159	6
cell	core	137	160	6
cell	core	137	161	6
cell	core	137	162	6
cell	core	137	163	5
cell	core	137	164	4
cell	core	137	165	7
cell	core	137	166	5
cell	core	137	167	6
cell	core	137	168	6
cell	core	137	169	7
cell	core	137	170	12
cell	core	137	171	8
cell	core	137	172	7
cell	core	137	173	7
cell	core	137	174	1
cell	core	137	175	3
cell	core	137	176	4
cell	core	137	177	8
cell	core	137	178	8
cell	core	137	179	6
cell	core	137	181	2
cell	core	137	182	8
cell	core	137	183	8
cell	core	137	184	8
cell	core	137	185	4
cell	core	137	186	1
cell	core	137	187	7
cell	core	137	188	6
cell	core	137	189	8
cell	core	137	190	5
cell	core	137	193	7
cell	core	137	194	6
cell	core	137	195	6
cell	core	137	196	4
cell	core	137	197	10
cell	core	137	198	6
cell	core	137	199	2
cell	core	137	200	6
cell	core	137	201	7
cell	core	137	202	7
cell	core	137	203	7
cell	core	137	204	4
cell	core	138	151	12
cell	core	138	156	8
cell	core	138	159	6
cell	core	138	160	6
cell	core	138	161	8
cell	core	138	162	8
cell	core	138	163	6
cell	core	138	164	3
cell	core	138	165	7
cell	core	138	166	8
cell	core	138	167	13
cell	core	138	168	5
cell	core	138	169	6
cell	core	138	170	3
cell	core	138	171	7
cell	core	138	172	13
cell	core	138	173	12
cell	core	138	174	4
cell	core	138	177	8
cell	core	138	178	8
cell	core	138	183	7
cell	core	138	184	8
cell	core	138	185	8
cell	core	138	186	1
cell	core	138	187	7
cell	core	138	188	4
cell	core	138	189	8
cell	core	138	190	1
cell	core	138	191	2
cell	core	138	192	1
cell	core	138	193	5
cell	core	138	194	7
cell	core	138	195	4
cell	core	138	196	2
cell	core	138	197	4
cell	core	138	198	5
cell	core	138	199	7
cell	core	138	200	5
cell	core	138	201	6
cell	core	138	202	5
cell	core	138	203	1
cell	core	139	151	6
cell	core	139	153	2
cell	core	139	156	16
cell	core	139	158	3
cell	core	139	159	3
cell	core	139	160	3
cell	core	139	161	4
cell	core	139	162	6
cell	core	139	163	7
cell	core	139	164	8
cell	core	139	165	8
cell	core	139	166	8
cell	core	139	167	6
cell	core	139	168	8
cell	core	139	169	8
cell	core	139	170	5
cell	core	139	171	10
cell	core	139	172	4
cell	core	139	174	2
cell	core	139	178	4
cell	core	139	184	4
cell	core	139	185	2
cell	core	139	186	1
cell	core	139	187	9
cell	core	139	188	8
cell	core	139	189	5
cell	core	139	190	1
cell	core	139	191	3
cell	core	139	192	1
cell	core	139	194	8
cell	core	139	197	4
cell	core	139	198	4
cell	core	139	199	1
cell	core	139	200	6
cell	core	139	201	4
cell	core	139	202	3
cell	core	139	203	9
cell	core	139	204	1
cell	core	140	152	12
cell	core	140	153	4
cell	core	140	154	16
cell	core	140	155	2
cell	core	140	156	10
cell	core	140	157	12
cell	core	140	158	6
cell	core	140	159	2
cell	core	140	169	2
cell	core	140	170	3
cell	core	140	171	16
cell	core	140	172	4
cell	core	140	184	6
cell	core	140	185	8
cell	core	140	194	6
cell	core	140	198	5
cell	core	140	199	4
cell	core	140	200	5
cell	core	140	201	6
cell	core	140	202	8
cell	core	140	203	5
cell	core	140	204	6
cell	core	140	205	7
cell	core	141	152	6
cell	core	141	153	4
cell	core	141	154	8
cell	core	141	156	11
cell	core	141	157	3
cell	core	141	158	16
cell	core	141	159	4
cell	core	141	171	1
cell	core	141	172	4
cell	core	141	183	1
cell	core	141	185	5
cell	core	141	198	3
cell	core	141	199	3
cell	core	141	200	6
cell	core	141	201	6
cell	core	141	202	8
cell	core	141	203	6
cell	core	141	204	6
cell	core	141	205	4
cell	core	142	156	3
cell	core	142	158	8
cell	core	142	200	5
cell	core	142	201	5
cell	core	142	202	5
cell	core	142	203	5
cell	core	142	204	6
cell	core	142	205	5
cell	core	143	184	1
cell	core	143	200	1
cell	core	143	201	4
cell	core	143	202	7
cell	core	143	203	6
cell	core	143	204	5
cell	core	144	202	5
cell	core	144	203	4
cell	core	144	204	1
cell	core	145	202	2
cell	core	97	166	4
cell	core	98	166	12
cell	core	98	189	2
cell	core	98	190	1
cell	core	99	159	8
cell	core	99	160	8
cell	core	99	166	4
cell	core	99	184	4
cell	core	99	185	5
cell	core	99	186	5
cell	core	99	187	5
cell	core	99	188	5
cell	core	99	189	5
cell	core	99	190	5
cell	core	99	191	5
cell	core	99	192	5
cell	core	99	193	5
cell	core	99	194	5
cell	core	99	195	5
cell	crossing	104	144	1
cell	crossing	105	145	2
cell	crossing	106	161	7
cell	crossing	106	162	7
cell	crossing	107	164	4
cell	crossing	107	165	4
cell	crossing	108	145	9
cell	crossing	108	146	9
cell	crossing	108	161	9
cell	crossing	108	162	9
cell	crossing	108	164	9
cell	crossing	108	165	9
cell	crossing	109	162	2
cell	crossing	110	145	2
cell	crossing	110	162	7
cell	crossing	110	163	2
cell	crossing	110	164	6
cell	crossing	111	145	12
cell	crossing	111	161	2
cell	crossing	111	162	13
cell	crossing	111	163	6
cell	crossing	112	145	14
cell	crossing	112	146	9
cell	crossing	112	161	9
cell	crossing	112	162	14
cell	crossing	112	163	14
cell	crossing	112	164	9
cell	crossing	112	165	9
cell	crossing	113	145	5
cell	crossing	113	146	8
cell	crossing	113	162	3
cell	crossing	113	163	3
cell	crossing	113	164	2
cell	crossing	114	145	2
cell	crossing	114	146	5
cell	crossing	114	163	5
cell	crossing	114	164	14
cell	crossing	115	162	2
cell	crossing	115	163	7
cell	crossing	115	164	4
cell	crossing	116	151	9
cell	crossing	117	147	2
cell	crossing	117	148	14
cell	crossing	118	145	6
cell	crossing	118	146	5
cell	crossing	118	147	12
cell	crossing	119	145	4
cell	crossing	119	150	14
cell	crossing	119	151	4
cell	crossing	120	146	5
cell	crossing	121	147	5
cell	crossing	121	148	7
cell	crossing	122	147	14
cell	crossing	122	148	5
cell	ethernet	101	157	4
cell	ethernet	102	157	4
cell	ethernet	104	156	2
cell	ethernet	36	113	5
cell	ethernet	36	114	5
cell	ethernet	36	115	5
cell	ethernet	36	116	5
cell	ethernet	36	117	5
cell	ethernet	36	118	5
cell	ethernet	36	119	5
cell	ethernet	36	120	5
cell	ethernet	36	121	5
cell	ethernet	36	122	1
cell	ethernet	36	124	5
cell	ethernet	36	125	5
cell	ethernet	36	126	5
cell	ethernet	36	127	5
cell	ethernet	37	121	9
cell	ethernet	37	122	8
cell	ethernet	38	120	4
cell	ethernet	38	121	9
cell	ethernet	38	122	11
cell	ethernet	38	123	10
cell	ethernet	38	124	4
cell	ethernet	38	125	2
cell	ethernet	38	126	3
cell	ethernet	38	127	7
cell	ethernet	38	128	5
cell	ethernet	38	129	5
cell	ethernet	39	116	7
cell	ethernet	39	117	7
cell	ethernet	39	119	1
cell	ethernet	39	120	2
cell	ethernet	39	121	5
cell	ethernet	39	122	10
cell	ethernet	39	123	8
cell	ethernet	39	124	2
cell	ethernet	39	125	8
cell	ethernet	39	126	2
cell	ethernet	39	127	8
cell	ethernet	39	128	7
cell	ethernet	39	129	6
cell	ethernet	40	113	5
cell	ethernet	40	114	5
cell	ethernet	40	115	5
cell	ethernet	40	116	5
cell	ethernet	40	117	5
cell	ethernet	40	118	5
cell	ethernet	40	120	5
cell	ethernet	40	121	5
cell	ethernet	40	122	6
cell	ethernet	40	123	5
cell	ethernet	40	124	5
cell	ethernet	40	125	5
cell	ethernet	40	126	7
cell	ethernet	40	127	5
cell	ethernet	40	128	5
cell	ethernet	40	129	5
cell	ethernet	41	116	7
cell	ethernet	41	120	7
cell	ethernet	41	121	4
cell	ethernet	41	122	5
cell	ethernet	41	123	3
cell	ethernet	41	124	2
cell	ethernet	41	125	10
cell	ethernet	41	126	7
cell	ethernet	41	127	9
cell	ethernet	41	128	3
cell	ethernet	41	129	6
cell	ethernet	42	114	5
cell	ethernet	42	115	5
cell	ethernet	42	116	5
cell	ethernet	42	117	5
cell	ethernet	42	118	5
cell	ethernet	42	119	5
cell	ethernet	42	120	5
cell	ethernet	42	121	5
cell	ethernet	42	122	5
cell	ethernet	42	123	5
cell	ethernet	42	124	5
cell	ethernet	42	125	5
cell	ethernet	42	126	5
cell	ethernet	42	127	5
cell	ethernet	42	128	5
cell	ethernet	42	129	9
cell	ethernet	42	146	5
cell	ethernet	43	120	7
cell	ethernet	43	121	7
cell	ethernet	43	122	1
cell	ethernet	43	123	4
cell	ethernet	43	125	4
cell	ethernet	43	128	6
cell	ethernet	43	129	6
cell	ethernet	44	115	5
cell	ethernet	44	116	5
cell	ethernet	44	117	5
cell	ethernet	44	118	5
cell	ethernet	44	119	5
cell	ethernet	44	120	5
cell	ethernet	44	121	5
cell	ethernet	44	122	5
cell	ethernet	44	123	5
cell	ethernet	44	124	5
cell	ethernet	44	125	5
cell	ethernet	44	126	5
cell	ethernet	44	127	5
cell	ethernet	44	128	5
cell	ethernet	44	129	9
cell	ethernet	44	143	5
cell	ethernet	44	144	5
cell	ethernet	44	145	5
cell	ethernet	44	146	5
cell	ethernet	44	147	5
cell	ethernet	44	148	5
cell	ethernet	44	149	5
cell	ethernet	44	150	5
cell	ethernet	44	151	5
cell	ethernet	44	152	5
cell	ethernet	44	153	5
cell	ethernet	44	154	5
cell	ethernet	45	119	3
cell	ethernet	45	121	1
cell	ethernet	45	122	3
cell	ethernet	45	124	4
cell	ethernet	45	126	4
cell	ethernet	45	146	6
cell	ethernet	45	147	3
cell	ethernet	45	152	6
cell	ethernet	46	114	5
cell	ethernet	46	115	5
cell	ethernet	46	116	5
cell	ethernet	46	117	5
cell	ethernet	46	118	5
cell	ethernet	46	119	5
cell	ethernet	46	120	5
cell	ethernet	46	121	5
cell	ethernet	46	122	5
cell	ethernet	46	123	5
cell	ethernet	46	124	5
cell	ethernet	46	125	5
cell	ethernet	46	126	5
cell	ethernet	46	127	5
cell	ethernet	46	128	5
cell	ethernet	46	129	5
cell	ethernet	46	140	5
cell	ethernet	46	141	5
cell	ethernet	46	142	5
cell	ethernet	46	143	5
cell	ethernet	46	144	5
cell	ethernet	46	145	5
cell	ethernet	46	146	5
cell	ethernet	46	147	5
cell	ethernet	46	148	5
cell	ethernet	46	149	5
cell	ethernet	46	150	5
cell	ethernet	46	151	5
cell	ethernet	46	152	5
cell	ethernet	46	153	5
cell	ethernet	46	154	5
cell	ethernet	46	155	5
cell	ethernet	46	156	5
cell	ethernet	47	116	7
cell	ethernet	47	117	7
cell	ethernet	47	119	3
cell	ethernet	47	120	2
cell	ethernet	47	121	3
cell	ethernet	47	124	7
cell	ethernet	47	125	7
cell	ethernet	47	126	7
cell	ethernet	47	141	3
cell	ethernet	47	142	6
cell	ethernet	47	149	5
cell	ethernet	47	150	3
cell	ethernet	47	154	6
cell	ethernet	48	114	5
cell	ethernet	48	115	5
cell	ethernet	48	116	5
cell	ethernet	48	117	5
cell	ethernet	48	118	5
cell	ethernet	48	119	5
cell	ethernet	48	120	5
cell	ethernet	48	121	5
cell	ethernet	48	122	5
cell	ethernet	48	123	5
cell	ethernet	48	124	5
cell	ethernet	48	125	5
cell	ethernet	48	126	5
cell	ethernet	48	127	5
cell	ethernet	48	128	5
cell	ethernet	48	139	5
cell	ethernet	48	140	5
cell	ethernet	48	141	5
cell	ethernet	48	142	5
cell	ethernet	48	143	5
cell	ethernet	48	144	5
cell	ethernet	48	145	5
cell	ethernet	48	146	5
cell	ethernet	48	147	5
cell	ethernet	48	148	5
cell	ethernet	48	149	5
cell	ethernet	48	150	5
cell	ethernet	48	151	5
cell	ethernet	48	152	5
cell	ethernet	48	153	5
cell	ethernet	48	154	5
cell	ethernet	48	155	5
cell	ethernet	48	156	5
cell	ethernet	49	120	7
cell	ethernet	49	121	7
cell	ethernet	49	144	6
cell	ethernet	49	145	3
cell	ethernet	49	146	3
cell	ethernet	49	149	6
cell	ethernet	49	150	2
cell	ethernet	49	152	1
cell	ethernet	49	154	3
cell	ethernet	50	121	7
cell	ethernet	50	143	1
cell	ethernet	50	146	4
cell	ethernet	50	152	1
cell	ethernet	52	115	5
cell	ethernet	52	116	5
cell	ethernet	52	117	5
cell	ethernet	52	118	5
cell	ethernet	52	119	5
cell	ethernet	52	120	5
cell	ethernet	52	121	5
cell	ethernet	52	122	5
cell	ethernet	52	125	5
cell	ethernet	52	139	5
cell	ethernet	52	140	5
cell	ethernet	52	141	5
cell	ethernet	52	142	5
cell	ethernet	52	143	5
cell	ethernet	52	144	5
cell	ethernet	52	145	5
cell	ethernet	52	146	5
cell	ethernet	52	147	5
cell	ethernet	52	148	5
cell	ethernet	52	149	5
cell	ethernet	52	150	5
cell	ethernet	52	151	5
cell	ethernet	52	152	5
cell	ethernet	52	153	5
cell	ethernet	52	154	5
cell	ethernet	52	155	5
cell	ethernet	52	156	5
cell	ethernet	53	141	6
cell	ethernet	53	142	4
cell	ethernet	53	144	1
cell	ethernet	53	145	8
cell	ethernet	53	146	9
cell	ethernet	53	147	6
cell	ethernet	53	148	10
cell	ethernet	53	149	2
cell	ethernet	53	153	6
cell	ethernet	54	139	7
cell	ethernet	54	140	8
cell	ethernet	54	141	5
cell	ethernet	54	142	7
cell	ethernet	54	143	10
cell	ethernet	54	144	3
cell	ethernet	54	145	6
cell	ethernet	54	146	9
cell	ethernet	54	147	7
cell	ethernet	54	148	2
cell	ethernet	54	149	1
cell	ethernet	54	150	1
cell	ethernet	54	153	3
cell	ethernet	55	138	3
cell	ethernet	55	139	10
cell	ethernet	55	140	6
cell	ethernet	55	141	4
cell	ethernet	55	143	2
cell	ethernet	55	144	8
cell	ethernet	55	145	5
cell	ethernet	55	146	3
cell	ethernet	56	138	8
cell	ethernet	56	139	8
cell	ethernet	56	140	5
cell	ethernet	56	141	5
cell	ethernet	56	142	5
cell	ethernet	56	143	5
cell	ethernet	56	144	5
cell	ethernet	56	145	5
cell	ethernet	56	146	5
cell	ethernet	56	147	5
cell	ethernet	56	148	5
cell	ethernet	56	149	5
cell	ethernet	56	150	5
cell	ethernet	56	151	5
cell	ethernet	56	152	5
cell	ethernet	56	153	5
cell	ethernet	56	154	5
cell	ethernet	56	155	5
cell	ethernet	57	138	7
cell	ethernet	57	139	8
cell	ethernet	57	140	7
cell	ethernet	57	141	3
cell	ethernet	57	149	6
cell	ethernet	57	150	3
cell	ethernet	58	139	1
cell	ethernet	58	140	6
cell	ethernet	58	145	3
cell	ethernet	58	146	1
cell	ethernet	58	147	1
cell	ethernet	58	149	4
cell	ethernet	58	151	4
cell	ethernet	59	146	6
cell	ethernet	59	153	6
cell	ethernet	60	144	5
cell	ethernet	60	145	5
cell	ethernet	60	146	5
cell	ethernet	60	147	5
cell	ethernet	60	148	5
cell	ethernet	60	149	5
cell	ethernet	60	150	5
cell	ethernet	60	151	5
cell	ethernet	60	152	5
cell	ethernet	60	153	5
cell	ethernet	60	154	5
cell	ethernet	62	147	1
cell	ethernet	64	146	5
cell	ethernet	64	153	5
cell	ethernet	64	154	5
cell	ethernet	66	145	8
cell	ethernet	67	132	2
cell	ethernet	67	133	16
cell	ethernet	67	145	10
cell	ethernet	68	130	5
cell	ethernet	68	131	7
cell	ethernet	68	132	7
cell	ethernet	68	133	14
cell	ethernet	68	134	9
cell	ethernet	68	135	9
cell	ethernet	68	145	13
cell	ethernet	69	133	6
cell	ethernet	69	134	4
cell	ethernet	69	145	8
cell	ethernet	70	144	4
cell	ethernet	70	145	4
cell	ethernet	70	146	8
cell	ethernet	71	144	7
cell	ethernet	71	145	7
cell	ethernet	71	146	8
cell	ethernet	72	145	6
cell	ethernet	72	146	2
cell	ethernet	73	145	6
cell	ethernet	74	145	7
cell	ethernet	74	146	8
cell	ethernet	75	146	3
cell	memory	133	162	1
cell	memory	133	182	1
cell	memory	134	149	4
cell	memory	134	162	1
cell	memory	135	149	1
cell	memory	136	149	4
cell	memory	136	150	4
cell	memory	137	149	4
cell	memory	137	150	4
cell	memory	137	179	1
cell	memory	137	180	6
cell	memory	137	181	4
cell	memory	137	191	5
cell	memory	138	152	4
cell	memory	138	153	3
cell	memory	138	176	12
cell	memory	138	179	6
cell	memory	138	180	7
cell	memory	138	181	12
cell	memory	138	182	3
cell	memory	139	146	6
cell	memory	139	147	4
cell	memory	139	173	6
cell	memory	139	174	2
cell	memory	139	176	4
cell	memory	139	177	6
cell	memory	139	178	6
cell	memory	139	179	8
cell	memory	139	180	6
cell	memory	139	181	9
cell	memory	139	182	7
cell	memory	139	183	4
cell	memory	140	143	1
cell	memory	140	144	1
cell	memory	140	145	1
cell	memory	140	146	1
cell	memory	140	147	1
cell	memory	140	148	1
cell	memory	140	160	4
cell	memory	140	161	9
cell	memory	140	162	1
cell	memory	140	163	8
cell	memory	140	167	2
cell	memory	140	168	3
cell	memory	140	173	8
cell	memory	140	174	8
cell	memory	140	175	8
cell	memory	140	176	6
cell	memory	140	177	10
cell	memory	140	178	9
cell	memory	140	179	7
cell	memory	140	180	6
cell	memory	140	181	6
cell	memory	140	182	7
cell	memory	140	183	4
cell	memory	140	186	16
cell	memory	140	187	4
cell	memory	140	188	8
cell	memory	140	189	2
cell	memory	140	190	8
cell	memory	140	191	6
cell	memory	140	192	4
cell	memory	140	193	6
cell	memory	140	195	9
cell	memory	140	196	8
cell	memory	140	197	2
cell	memory	141	143	6
cell	memory	141	144	7
cell	memory	141	145	7
cell	memory	141	146	7
cell	memory	141	147	6
cell	memory	141	148	6
cell	memory	141	160	1
cell	memory	141	163	7
cell	memory	141	164	4
cell	memory	141	168	4
cell	memory	141	169	2
cell	memory	141	173	2
cell	memory	141	174	6
cell	memory	141	175	9
cell	memory	141	176	5
cell	memory	141	177	16
cell	memory	141	178	4
cell	memory	141	179	7
cell	memory	141	180	5
cell	memory	141	181	9
cell	memory	141	182	6
cell	memory	141	184	16
cell	memory	141	186	6
cell	memory	141	187	6
cell	memory	141	188	12
cell	memory	141	189	7
cell	memory	141	190	7
cell	memory	141	191	9
cell	memory	141	192	6
cell	memory	141	193	8
cell	memory	141	194	12
cell	memory	141	195	1
cell	memory	141	196	14
cell	memory	141	197	2
cell	memory	142	144	4
cell	memory	142	145	4
cell	memory	142	146	4
cell	memory	142	147	7
cell	memory	142	148	3
cell	memory	142	150	2
cell	memory	142	153	2
cell	memory	142	159	6
cell	memory	142	160	10
cell	memory	142	161	4
cell	memory	142	162	6
cell	memory	142	163	9
cell	memory	142	164	5
cell	memory	142	168	2
cell	memory	142	169	4
cell	memory	142	170	4
cell	memory	142	173	2
cell	memory	142	174	6
cell	memory	142	175	9
cell	memory	142	176	16
cell	memory	142	177	4
cell	memory	142	178	14
cell	memory	142	179	8
cell	memory	142	180	8
cell	memory	142	181	5
cell	memory	142	182	6
cell	memory	142	183	6
cell	memory	142	184	6
cell	memory	142	185	7
cell	memory	142	186	8
cell	memory	142	187	8
cell	memory	142	188	7
cell	memory	142	189	8
cell	memory	142	190	5
cell	memory	142	191	6
cell	memory	142	192	6
cell	memory	142	193	7
cell	memory	142	194	8
cell	memory	142	195	8
cell	memory	142	196	6
cell	memory	142	197	7
cell	memory	142	198	1
cell	memory	143	145	8
cell	memory	143	146	5
cell	memory	143	147	5
cell	memory	143	148	2
cell	memory	143	150	2
cell	memory	143	153	10
cell	memory	143	154	10
cell	memory	143	155	6
cell	memory	143	158	1
cell	memory	143	159	6
cell	memory	143	160	9
cell	memory	143	162	2
cell	memory	143	163	6
cell	memory	143	165	6
cell	memory	143	166	4
cell	memory	143	167	6
cell	memory	143	168	3
cell	memory	143	169	7
cell	memory	143	170	4
cell	memory	143	171	2
cell	memory	143	172	6
cell	memory	143	173	7
cell	memory	143	174	6
cell	memory	143	175	9
cell	memory	143	176	5
cell	memory	143	177	7
cell	memory	143	178	9
cell	memory	143	179	5
cell	memory	143	180	10
cell	memory	143	181	6
cell	memory	143	182	7
cell	memory	143	183	10
cell	memory	143	184	3
cell	memory	143	185	9
cell	memory	143	186	8
cell	memory	143	187	8
cell	memory	143	188	6
cell	memory	143	189	7
cell	memory	143	190	8
cell	memory	143	191	7
cell	memory	143	192	8
cell	memory	143	193	9
cell	memory	143	194	14
cell	memory	143	195	5
cell	memory	143	196	7
cell	memory	143	197	12
cell	memory	143	198	7
cell	memory	143	206	6
cell	memory	143	207	1
cell	memory	144	137	3
cell	memory	144	142	2
cell	memory	144	143	1
cell	memory	144	144	1
cell	memory	144	145	1
cell	memory	144	146	1
cell	memory	144	147	1
cell	memory	144	148	1
cell	memory	144	150	8
cell	memory	144	151	6
cell	memory	144	152	11
cell	memory	144	153	10
cell	memory	144	154	8
cell	memory	144	155	4
cell	memory	144	156	2
cell	memory	144	158	2
cell	memory	144	159	7
cell	memory	144	160	6
cell	memory	144	162	7
cell	memory	144	163	12
cell	memory	144	164	8
cell	memory	144	165	14
cell	memory	144	166	8
cell	memory	144	167	10
cell	memory	144	168	6
cell	memory	144	169	6
cell	memory	144	170	8
cell	memory	144	171	14
cell	memory	144	172	6
cell	memory	144	173	6
cell	memory	144	174	12
cell	memory	144	175	8
cell	memory	144	176	5
cell	memory	144	177	14
cell	memory	144	178	7
cell	memory	144	179	4
cell	memory	144	180	7
cell	memory	144	181	9
cell	memory	144	182	10
cell	memory	144	183	8
cell	memory	144	184	8
cell	memory	144	185	7
cell	memory	144	186	7
cell	memory	144	187	10
cell	memory	144	188	11
cell	memory	144	189	6
cell	memory	144	190	7
cell	memory	144	191	5
cell	memory	144	192	8
cell	memory	144	193	7
cell	memory	144	194	6
cell	memory	144	195	4
cell	memory	144	196	8
cell	memory	144	197	7
cell	memory	144	198	2
cell	memory	144	199	2
cell	memory	144	202	2
cell	memory	144	203	4
cell	memory	144	204	6
cell	memory	144	205	10
cell	memory	144	206	8
cell	memory	144	207	6
cell	memory	145	135	7
cell	memory	145	136	2
cell	memory	145	137	7
cell	memory	145	138	4
cell	memory	145	142	8
cell	memory	145	143	7
cell	memory	145	144	5
cell	memory	145	145	8
cell	memory	145	146	7
cell	memory	145	147	6
cell	memory	145	148	6
cell	memory	145	150	9
cell	memory	145	151	11
cell	memory	145	152	9
cell	memory	145	153	6
cell	memory	145	154	8
cell	memory	145	155	8
cell	memory	145	156	8
cell	memory	145	157	7
cell	memory	145	158	3
cell	memory	145	159	9
cell	memory	145	160	8
cell	memory	145	162	1
cell	memory	145	163	6
cell	memory	145	164	7
cell	memory	145	165	7
cell	memory	145	166	12
cell	memory	145	167	8
cell	memory	145	168	7
cell	memory	145	169	6
cell	memory	145	170	7
cell	memory	145	171	8
cell	memory	145	172	8
cell	memory	145	173	6
cell	memory	145	174	2
cell	memory	145	175	4
cell	memory	145	176	5
cell	memory	145	177	5
cell	memory	145	178	7
cell	memory	145	179	6
cell	memory	145	180	8
cell	memory	145	181	9
cell	memory	145	182	8
cell	memory	145	183	7
cell	memory	145	184	8
cell	memory	145	185	4
cell	memory	145	186	9
cell	memory	145	187	9
cell	memory	145	188	8
cell	memory	145	189	7
cell	memory	145	190	7
cell	memory	145	191	5
cell	memory	145	192	6
cell	memory	145	193	8
cell	memory	145	194	11
cell	memory	145	195	6
cell	memory	145	196	12
cell	memory	145	197	8
cell	memory	145	198	2
cell	memory	145	199	2
cell	memory	145	200	2
cell	memory	145	201	4
cell	memory	145	202	1
cell	memory	145	203	14
cell	memory	145	204	8
cell	memory	145	205	8
cell	memory	145	206	8
cell	memory	145	207	2
cell	memory	146	129	6
cell	memory	146	130	5
cell	memory	146	131	6
cell	memory	146	132	3
cell	memory	146	133	2
cell	memory	146	134	3
cell	memory	146	135	6
cell	memory	146	136	6
cell	memory	146	137	7
cell	memory	146	138	5
cell	memory	146	142	2
cell	memory	146	143	7
cell	memory	146	144	6
cell	memory	146	145	7
cell	memory	146	146	8
cell	memory	146	147	8
cell	memory	146	148	3
cell	memory	146	150	5
cell	memory	146	151	8
cell	memory	146	152	2
cell	memory	146	153	1
cell	memory	146	154	6
cell	memory	146	155	8
cell	memory	146	156	2
cell	memory	146	157	4
cell	memory	146	158	6
cell	memory	146	159	2
cell	memory	146	160	6
cell	memory	146	161	6
cell	memory	146	163	5
cell	memory	146	164	5
cell	memory	146	165	9
cell	memory	146	166	8
cell	memory	146	167	5
cell	memory	146	168	8
cell	memory	146	169	4
cell	memory	146	170	4
cell	memory	146	171	7
cell	memory	146	172	8
cell	memory	146	173	6
cell	memory	146	174	6
cell	memory	146	175	8
cell	memory	146	176	14
cell	memory	146	177	7
cell	memory	146	178	4
cell	memory	146	179	5
cell	memory	146	180	4
cell	memory	146	181	5
cell	memory	146	182	6
cell	memory	146	183	5
cell	memory	146	184	8
cell	memory	146	185	4
cell	memory	146	186	8
cell	memory	146	187	7
cell	memory	146	188	4
cell	memory	146	189	7
cell	memory	146	190	7
cell	memory	146	191	5
cell	memory	146	192	7
cell	memory	146	193	7
cell	memory	146	194	8
cell	memory	146	195	8
cell	memory	146	196	8
cell	memory	146	197	6
cell	memory	146	198	3
cell	memory	146	199	8
cell	memory	146	200	10
cell	memory	146	201	10
cell	memory	146	202	4
cell	memory	146	203	8
cell	memory	146	205	8
cell	memory	146	206	8
cell	memory	146	207	10
cell	memory	147	129	6
cell	memory	147	131	2
cell	memory	147	132	11
cell	memory	147	133	7
cell	memory	147	134	5
cell	memory	147	135	11
cell	memory	147	136	9
cell	memory	147	137	6
cell	memory	147	138	6
cell	memory	147	143	2
cell	memory	147	144	8
cell	memory	147	145	8
cell	memory	147	146	8
cell	memory	147	147	2
cell	memory	147	148	1
cell	memory	147	150	2
cell	memory	147	152	2
cell	memory	147	153	2
cell	memory	147	154	6
cell	memory	147	155	8
cell	memory	147	156	7
cell	memory	147	157	4
cell	memory	147	158	2
cell	memory	147	159	8
cell	memory	147	160	8
cell	memory	147	161	6
cell	memory	147	162	6
cell	memory	147	163	7
cell	memory	147	164	5
cell	memory	147	165	8
cell	memory	147	166	6
cell	memory	147	167	7
cell	memory	147	168	9
cell	memory	147	169	8
cell	memory	147	170	7
cell	memory	147	171	6
cell	memory	147	172	6
cell	memory	147	173	7
cell	memory	147	174	12
cell	memory	147	175	8
cell	memory	147	176	7
cell	memory	147	177	6
cell	memory	147	178	5
cell	memory	147	179	5
cell	memory	147	180	6
cell	memory	147	181	7
cell	memory	147	182	6
cell	memory	147	183	7
cell	memory	147	184	9
cell	memory	147	185	4
cell	memory	147	186	8
cell	memory	147	187	8
cell	memory	147	188	6
cell	memory	147	189	7
cell	memory	147	190	13
cell	memory	147	191	5
cell	memory	147	192	6
cell	memory	147	193	6
cell	memory	147	194	9
cell	memory	147	195	11
cell	memory	147	196	12
cell	memory	147	197	4
cell	memory	147	198	8
cell	memory	147	199	8
cell	memory	147	200	14
cell	memory	147	201	8
cell	memory	147	202	3
cell	memory	147	203	1
cell	memory	147	204	6
cell	memory	147	205	8
cell	memory	147	206	4
cell	memory	147	207	8
cell	memory	148	129	2
cell	memory	148	130	4
cell	memory	148	131	6
cell	memory	148	132	4
cell	memory	148	133	7
cell	memory	148	134	5
cell	memory	148	135	5
cell	memory	148	136	3
cell	memory	148	137	8
cell	memory	148	138	9
cell	memory	148	139	7
cell	memory	148	143	2
cell	memory	148	144	6
cell	memory	148	145	8
cell	memory	148	146	8
cell	memory	148	147	8
cell	memory	148	150	4
cell	memory	148	151	8
cell	memory	148	152	7
cell	memory	148	153	5
cell	memory	148	154	6
cell	memory	148	155	14
cell	memory	148	156	9
cell	memory	148	157	8
cell	memory	148	158	8
cell	memory	148	159	8
cell	memory	148	160	8
cell	memory	148	161	8
cell	memory	148	162	7
cell	memory	148	163	6
cell	memory	148	164	8
cell	memory	148	165	9
cell	memory	148	166	7
cell	memory	148	167	6
cell	memory	148	168	7
cell	memory	148	169	10
cell	memory	148	170	8
cell	memory	148	171	9
cell	memory	148	172	8
cell	memory	148	173	9
cell	memory	148	174	6
cell	memory	148	175	5
cell	memory	148	176	5
cell	memory	148	177	2
cell	memory	148	178	5
cell	memory	148	179	6
cell	memory	148	180	5
cell	memory	148	181	6
cell	memory	148	182	6
cell	memory	148	183	8
cell	memory	148	184	6
cell	memory	148	185	6
cell	memory	148	186	8
cell	memory	148	187	8
cell	memory	148	188	8
cell	memory	148	189	9
cell	memory	148	190	7
cell	memory	148	191	7
cell	memory	148	192	6
cell	memory	148	193	6
cell	memory	148	194	6
cell	memory	148	195	6
cell	memory	148	196	8
cell	memory	148	197	6
cell	memory	148	199	8
cell	memory	148	200	4
cell	memory	148	201	2
cell	memory	148	202	3
cell	memory	148	203	3
cell	memory	148	204	4
cell	memory	148	205	14
cell	memory	148	206	8
cell	memory	148	207	12
cell	memory	148	208	2
cell	memory	149	130	5
cell	memory	149	132	2
cell	memory	149	133	6
cell	memory	149	134	5
cell	memory	149	135	2
cell	memory	149	136	1
cell	memory	149	137	5
cell	memory	149	138	4
cell	memory	149	139	5
cell	memory	149	142	8
cell	memory	149	143	6
cell	memory	149	144	8
cell	memory	149	145	8
cell	memory	149	146	8
cell	memory	149	147	8
cell	memory	149	148	1
cell	memory	149	149	3
cell	memory	149	150	14
cell	memory	149	151	8
cell	memory	149	152	5
cell	memory	149	153	9
cell	memory	149	154	2
cell	memory	149	155	5
cell	memory	149	156	16
cell	memory	149	157	12
cell	memory	149	158	8
cell	memory	149	159	12
cell	memory	149	160	16
cell	memory	149	161	6
cell	memory	149	162	7
cell	memory	149	163	7
cell	memory	149	164	8
cell	memory	149	165	9
cell	memory	149	166	9
cell	memory	149	167	6
cell	memory	149	168	6
cell	memory	149	169	8
cell	memory	149	170	6
cell	memory	149	171	10
cell	memory	149	172	5
cell	memory	149	173	10
cell	memory	149	174	1
cell	memory	149	175	7
cell	memory	149	176	6
cell	memory	149	177	9
cell	memory	149	178	6
cell	memory	149	179	6
cell	memory	149	180	6
cell	memory	149	181	5
cell	memory	149	182	6
cell	memory	149	183	7
cell	memory	149	184	7
cell	memory	149	185	7
cell	memory	149	186	6
cell	memory	149	187	12
cell	memory	149	188	7
cell	memory	149	189	6
cell	memory	149	190	6
cell	memory	149	191	6
cell	memory	149	192	7
cell	memory	149	193	7
cell	memory	149	194	8
cell	memory	149	195	4
cell	memory	149	196	8
cell	memory	149	197	1
cell	memory	149	199	8
cell	memory	149	200	6
cell	memory	149	201	3
cell	memory	149	202	4
cell	memory	149	205	6
cell	memory	149	206	6
cell	memory	149	207	4
cell	memory	149	208	2
cell	memory	150	129	2
cell	memory	150	130	7
cell	memory	150	131	4
cell	memory	150	132	2
cell	memory	150	133	5
cell	memory	150	134	1
cell	memory	150	135	6
cell	memory	150	136	5
cell	memory	150	137	6
cell	memory	150	138	7
cell	memory	150	139	1
cell	memory	150	142	2
cell	memory	150	143	1
cell	memory	150	144	1
cell	memory	150	145	1
cell	memory	150	146	1
cell	memory	150	147	4
cell	memory	150	149	1
cell	memory	150	151	9
cell	memory	150	152	14
cell	memory	150	153	2
cell	memory	150	154	4
cell	memory	150	155	4
cell	memory	150	156	4
cell	memory	150	157	2
cell	memory	150	159	6
cell	memory	150	160	6
cell	memory	150	161	8
cell	memory	150	162	5
cell	memory	150	163	6
cell	memory	150	164	6
cell	memory	150	165	10
cell	memory	150	166	9
cell	memory	150	167	6
cell	memory	150	168	5
cell	memory	150	169	5
cell	memory	150	170	6
cell	memory	150	171	8
cell	memory	150	172	10
cell	memory	150	173	9
cell	memory	150	174	4
cell	memory	150	175	6
cell	memory	150	176	7
cell	memory	150	177	6
cell	memory	150	178	5
cell	memory	150	179	5
cell	memory	150	180	5
cell	memory	150	181	5
cell	memory	150	182	5
cell	memory	150	183	4
cell	memory	150	184	7
cell	memory	150	185	6
cell	memory	150	186	8
cell	memory	150	187	6
cell	memory	150	188	12
cell	memory	150	189	7
cell	memory	150	190	11
cell	memory	150	191	7
cell	memory	150	192	5
cell	memory	150	193	4
cell	memory	150	194	9
cell	memory	150	195	8
cell	memory	150	196	8
cell	memory	150	198	1
cell	memory	150	199	4
cell	memory	150	200	8
cell	memory	150	201	7
cell	memory	150	202	7
cell	memory	150	203	7
cell	memory	150	204	8
cell	memory	150	205	6
cell	memory	150	206	8
cell	memory	150	207	5
cell	memory	150	208	4
cell	memory	151	130	6
cell	memory	151	131	1
cell	memory	151	132	8
cell	memory	151	133	7
cell	memory	151	134	1
cell	memory	151	135	4
cell	memory	151	136	1
cell	memory	151	137	6
cell	memory	151	138	6
cell	memory	151	141	2
cell	memory	151	142	2
cell	memory	151	143	1
cell	memory	151	144	1
cell	memory	151	145	1
cell	memory	151	146	1
cell	memory	151	147	5
cell	memory	151	148	6
cell	memory	151	149	3
cell	memory	151	150	1
cell	memory	151	151	6
cell	memory	151	152	3
cell	memory	151	154	10
cell	memory	151	157	4
cell	memory	151	161	3
cell	memory	151	162	6
cell	memory	151	163	6
cell	memory	151	164	6
cell	memory	151	165	7
cell	memory	151	166	7
cell	memory	151	167	8
cell	memory	151	168	7
cell	memory	151	169	6
cell	memory	151	170	8
cell	memory	151	171	5
cell	memory	151	172	7
cell	memory	151	173	7
cell	memory	151	176	7
cell	memory	151	177	5
cell	memory	151	178	5
cell	memory	151	179	8
cell	memory	151	180	5
cell	memory	151	181	5
cell	memory	151	182	5
cell	memory	151	183	4
cell	memory	151	184	5
cell	memory	151	185	9
cell	memory	151	186	1
cell	memory	151	187	8
cell	memory	151	188	8
cell	memory	151	189	6
cell	memory	151	190	6
cell	memory	151	191	7
cell	memory	151	192	8
cell	memory	151	193	6
cell	memory	151	194	8
cell	memory	151	195	1
cell	memory	151	199	5
cell	memory	151	200	6
cell	memory	151	201	4
cell	memory	151	202	5
cell	memory	151	203	6
cell	memory	151	204	5
cell	memory	151	205	5
cell	memory	151	206	10
cell	memory	151	207	5
cell	memory	151	208	1
cell	memory	152	126	5
cell	memory	152	127	5
cell	memory	152	128	5
cell	memory	152	129	5
cell	memory	152	130	9
cell	memory	152	132	5
cell	memory	152	133	4
cell	memory	152	134	6
cell	memory	152	135	7
cell	memory	152	136	3
cell	memory	152	137	9
cell	memory	152	138	6
cell	memory	152	139	1
cell	memory	152	143	1
cell	memory	152	145	4
cell	memory	152	146	4
cell	memory	152	147	3
cell	memory	152	148	3
cell	memory	152	149	9
cell	memory	152	150	5
cell	memory	152	151	5
cell	memory	152	152	5
cell	memory	152	153	6
cell	memory	152	154	3
cell	memory	152	155	5
cell	memory	152	156	3
cell	memory	152	157	6
cell	memory	152	159	1
cell	memory	152	160	1
cell	memory	152	161	9
cell	memory	152	162	9
cell	memory	152	163	6
cell	memory	152	164	10
cell	memory	152	165	8
cell	memory	152	166	7
cell	memory	152	167	6
cell	memory	152	168	7
cell	memory	152	169	5
cell	memory	152	170	5
cell	memory	152	171	5
cell	memory	152	172	5
cell	memory	152	173	5
cell	memory	152	174	6
cell	memory	152	175	3
cell	memory	152	176	6
cell	memory	152	177	6
cell	memory	152	178	3
cell	memory	152	179	1
cell	memory	152	180	3
cell	memory	152	181	5
cell	memory	152	182	7
cell	memory	152	183	4
cell	memory	152	184	6
cell	memory	152	186	3
cell	memory	152	187	7
cell	memory	152	188	6
cell	memory	152	189	8
cell	memory	152	190	5
cell	memory	152	191	4
cell	memory	152	192	5
cell	memory	152	193	5
cell	memory	152	194	6
cell	memory	152	195	7
cell	memory	152	196	6
cell	memory	152	198	6
cell	memory	152	199	1
cell	memory	152	200	4
cell	memory	152	201	6
cell	memory	152	202	8
cell	memory	152	203	6
cell	memory	152	204	5
cell	memory	152	205	7
cell	memory	152	206	8
cell	memory	152	207	8
cell	memory	152	208	5
cell	memory	153	126	3
cell	memory	153	127	8
cell	memory	153	128	4
cell	memory	153	130	6
cell	memory	153	132	2
cell	memory	153	133	5
cell	memory	153	134	4
cell	memory	153	135	8
cell	memory	153	136	4
cell	memory	153	137	6
cell	memory	153	138	8
cell	memory	153	139	2
cell	memory	153	143	3
cell	memory	153	148	6
cell	memory	153	149	7
cell	memory	153	150	6
cell	memory	153	151	9
cell	memory	153	152	8
cell	memory	153	153	5
cell	memory	153	154	7
cell	memory	153	155	9
cell	memory	153	156	5
cell	memory	153	157	7
cell	memory	153	158	3
cell	memory	153	159	1
cell	memory	153	160	2
cell	memory	153	161	10
cell	memory	153	162	8
cell	memory	153	163	7
cell	memory	153	164	8
cell	memory	153	165	6
cell	memory	153	166	7
cell	memory	153	167	5
cell	memory	153	168	8
cell	memory	153	169	6
cell	memory	153	170	9
cell	memory	153	171	8
cell	memory	153	172	6
cell	memory	153	173	6
cell	memory	153	174	6
cell	memory	153	175	6
cell	memory	153	176	6
cell	memory	153	178	6
cell	memory	153	179	1
cell	memory	153	180	3
cell	memory	153	181	5
cell	memory	153	182	8
cell	memory	153	183	5
cell	memory	153	184	1
cell	memory	153	185	6
cell	memory	153	186	11
cell	memory	153	187	8
cell	memory	153	188	8
cell	memory	153	189	6
cell	memory	153	190	10
cell	memory	153	191	7
cell	memory	153	192	5
cell	memory	153	193	11
cell	memory	153	194	6
cell	memory	153	195	5
cell	memory	153	196	9
cell	memory	153	197	2
cell	memory	153	198	8
cell	memory	153	199	4
cell	memory	153	200	6
cell	memory	153	201	6
cell	memory	153	202	8
cell	memory	153	203	8
cell	memory	153	204	4
cell	memory	153	205	7
cell	memory	153	206	9
cell	memory	153	207	8
cell	memory	153	208	5
cell	memory	154	126	9
cell	memory	154	127	5
cell	memory	154	130	3
cell	memory	154	131	8
cell	memory	154	132	6
cell	memory	154	133	8
cell	memory	154	134	3
cell	memory	154	135	2
cell	memory	154	136	6
cell	memory	154	137	8
cell	memory	154	138	9
cell	memory	154	139	7
cell	memory	154	140	5
cell	memory	154	143	3
cell	memory	154	147	6
cell	memory	154	148	4
cell	memory	154	149	8
cell	memory	154	150	6
cell	memory	154	151	6
cell	memory	154	152	10
cell	memory	154	153	7
cell	memory	154	154	5
cell	memory	154	155	11
cell	memory	154	156	7
cell	memory	154	157	6
cell	memory	154	158	6
cell	memory	154	159	7
cell	memory	154	160	4
cell	memory	154	161	5
cell	memory	154	162	5
cell	memory	154	163	6
cell	memory	154	164	8
cell	memory	154	165	6
cell	memory	154	166	4
cell	memory	154	167	6
cell	memory	154	168	14
cell	memory	154	169	8
cell	memory	154	170	6
cell	memory	154	171	3
cell	memory	154	172	5
cell	memory	154	174	7
cell	memory	154	175	5
cell	memory	154	176	8
cell	memory	154	177	7
cell	memory	154	178	6
cell	memory	154	179	8
cell	memory	154	180	8
cell	memory	154	181	9
cell	memory	154	182	6
cell	memory	154	183	4
cell	memory	154	184	6
cell	memory	154	185	6
cell	memory	154	186	3
cell	memory	154	187	8
cell	memory	154	188	10
cell	memory	154	189	7
cell	memory	154	190	7
cell	memory	154	191	9
cell	memory	154	192	6
cell	memory	154	193	6
cell	memory	154	194	7
cell	memory	154	195	7
cell	memory	154	196	4
cell	memory	154	197	6
cell	memory	154	198	8
cell	memory	154	199	7
cell	memory	154	200	6
cell	memory	154	201	7
cell	memory	154	202	5
cell	memory	154	203	7
cell	memory	154	204	5
cell	memory	154	205	8
cell	memory	154	206	5
cell	memory	154	207	5
cell	memory	154	208	6
cell	memory	154	209	4
cell	memory	155	125	2
cell	memory	155	126	6
cell	memory	155	127	2
cell	memory	155	130	4
cell	memory	155	131	8
cell	memory	155	132	7
cell	memory	155	133	3
cell	memory	155	134	3
cell	memory	155	135	4
cell	memory	155	136	5
cell	memory	155	137	5
cell	memory	155	138	2
cell	memory	155	140	6
cell	memory	155	147	1
cell	memory	155	148	3
cell	memory	155	149	7
cell	memory	155	150	6
cell	memory	155	151	8
cell	memory	155	152	6
cell	memory	155	153	7
cell	memory	155	154	5
cell	memory	155	155	5
cell	memory	155	156	7
cell	memory	155	157	6
cell	memory	155	158	3
cell	memory	155	159	6
cell	memory	155	160	3
cell	memory	155	161	1
cell	memory	155	162	2
cell	memory	155	163	7
cell	memory	155	164	6
cell	memory	155	165	4
cell	memory	155	166	8
cell	memory	155	167	9
cell	memory	155	168	6
cell	memory	155	169	8
cell	memory	155	170	5
cell	memory	155	171	8
cell	memory	155	172	1
cell	memory	155	174	2
cell	memory	155	175	4
cell	memory	155	176	7
cell	memory	155	177	2
cell	memory	155	179	6
cell	memory	155	180	7
cell	memory	155	181	8
cell	memory	155	182	6
cell	memory	155	183	6
cell	memory	155	184	6
cell	memory	155	185	6
cell	memory	155	186	2
cell	memory	155	187	4
cell	memory	155	188	6
cell	memory	155	189	7
cell	memory	155	190	5
cell	memory	155	191	6
cell	memory	155	192	6
cell	memory	155	193	1
cell	memory	155	194	2
cell	memory	155	195	2
cell	memory	155	196	4
cell	memory	155	197	2
cell	memory	155	198	6
cell	memory	155	199	5
cell	memory	155	200	6
cell	memory	155	201	6
cell	memory	155	202	6
cell	memory	155	203	4
cell	memory	155	204	6
cell	memory	155	205	7
cell	memory	155	206	5
cell	memory	155	207	4
cell	memory	155	208	5
cell	memory	156	124	3
cell	memory	156	125	5
cell	memory	156	126	7
cell	memory	156	127	7
cell	memory	156	128	1
cell	memory	156	129	1
cell	memory	156	130	9
cell	memory	156	131	6
cell	memory	156	132	8
cell	memory	156	133	5
cell	memory	156	134	2
cell	memory	156	135	9
cell	memory	156	136	3
cell	memory	156	137	5
cell	memory	156	138	5
cell	memory	156	140	1
cell	memory	156	141	4
cell	memory	156	142	13
cell	memory	156	146	3
cell	memory	156	147	7
cell	memory	156	148	5
cell	memory	156	149	3
cell	memory	156	150	4
cell	memory	156	151	2
cell	memory	156	152	4
cell	memory	156	153	7
cell	memory	156	154	7
cell	memory	156	155	6
cell	memory	156	156	7
cell	memory	156	157	7
cell	memory	156	158	7
cell	memory	156	159	8
cell	memory	156	160	4
cell	memory	156	161	2
cell	memory	156	162	7
cell	memory	156	163	10
cell	memory	156	164	4
cell	memory	156	165	5
cell	memory	156	166	6
cell	memory	156	167	7
cell	memory	156	168	1
cell	memory	156	169	6
cell	memory	156	170	5
cell	memory	156	171	5
cell	memory	156	172	5
cell	memory	156	173	5
cell	memory	156	174	5
cell	memory	156	175	5
cell	memory	156	176	5
cell	memory	156	177	7
cell	memory	156	178	9
cell	memory	156	180	6
cell	memory	156	181	6
cell	memory	156	182	1
cell	memory	156	183	5
cell	memory	156	184	3
cell	memory	156	185	7
cell	memory	156	186	3
cell	memory	156	187	7
cell	memory	156	188	5
cell	memory	156	189	6
cell	memory	156	190	2
cell	memory	156	191	4
cell	memory	156	192	4
cell	memory	156	193	2
cell	memory	156	194	2
cell	memory	156	195	9
cell	memory	156	196	7
cell	memory	156	197	7
cell	memory	156	199	8
cell	memory	156	200	4
cell	memory	156	201	5
cell	memory	156	202	5
cell	memory	156	203	6
cell	memory	156	204	6
cell	memory	156	205	5
cell	memory	156	206	5
cell	memory	156	207	5
cell	memory	156	208	7
cell	memory	156	209	5
cell	memory	157	125	8
cell	memory	157	126	6
cell	memory	157	127	7
cell	memory	157	128	2
cell	memory	157	130	6
cell	memory	157	131	5
cell	memory	157	132	8
cell	memory	157	133	5
cell	memory	157	134	7
cell	memory	157	135	6
cell	memory	157	136	8
cell	memory	157	137	5
cell	memory	157	138	4
cell	memory	157	140	4
cell	memory	157	141	7
cell	memory	157	147	7
cell	memory	157	148	4
cell	memory	157	149	5
cell	memory	157	150	2
cell	memory	157	151	6
cell	memory	157	152	7
cell	memory	157	153	6
cell	memory	157	154	6
cell	memory	157	155	5
cell	memory	157	156	5
cell	memory	157	157	8
cell	memory	157	158	9
cell	memory	157	159	8
cell	memory	157	160	5
cell	memory	157	162	4
cell	memory	157	163	7
cell	memory	157	164	5
cell	memory	157	165	7
cell	memory	157	166	2
cell	memory	157	167	2
cell	memory	157	168	3
cell	memory	157	169	6
cell	memory	157	170	5
cell	memory	157	171	5
cell	memory	157	172	5
cell	memory	157	173	5
cell	memory	157	174	5
cell	memory	157	175	5
cell	memory	157	176	5
cell	memory	157	177	8
cell	memory	157	178	8
cell	memory	157	179	7
cell	memory	157	180	8
cell	memory	157	181	6
cell	memory	157	182	6
cell	memory	157	183	4
cell	memory	157	184	6
cell	memory	157	185	8
cell	memory	157	186	6
cell	memory	157	187	6
cell	memory	157	188	6
cell	memory	157	192	2
cell	memory	157	194	8
cell	memory	157	195	6
cell	memory	157	196	8
cell	memory	157	197	10
cell	memory	157	198	6
cell	memory	157	199	4
cell	memory	157	200	4
cell	memory	157	201	6
cell	memory	157	202	4
cell	memory	157	203	6
cell	memory	157	204	5
cell	memory	157	205	5
cell	memory	157	206	4
cell	memory	157	207	7
cell	memory	157	208	5
cell	memory	157	209	4
cell	memory	158	126	8
cell	memory	158	127	4
cell	memory	158	129	1
cell	memory	158	130	8
cell	memory	158	131	8
cell	memory	158	132	4
cell	memory	158	133	5
cell	memory	158	135	9
cell	memory	158	136	3
cell	memory	158	137	6
cell	memory	158	139	3
cell	memory	158	140	1
cell	memory	158	141	7
cell	memory	158	142	13
cell	memory	158	146	2
cell	memory	158	147	10
cell	memory	158	148	5
cell	memory	158	149	7
cell	memory	158	150	6
cell	memory	158	151	8
cell	memory	158	152	5
cell	memory	158	153	6
cell	memory	158	154	4
cell	memory	158	155	8
cell	memory	158	156	7
cell	memory	158	157	8
cell	memory	158	158	6
cell	memory	158	159	8
cell	memory	158	160	9
cell	memory	158	161	1
cell	memory	158	162	4
cell	memory	158	163	8
cell	memory	158	165	6
cell	memory	158	166	4
cell	memory	158	167	6
cell	memory	158	168	5
cell	memory	158	169	5
cell	memory	158	170	5
cell	memory	158	171	5
cell	memory	158	172	5
cell	memory	158	173	2
cell	memory	158	174	10
cell	memory	158	175	8
cell	memory	158	176	9
cell	memory	158	177	6
cell	memory	158	178	6
cell	memory	158	179	9
cell	memory	158	180	9
cell	memory	158	181	7
cell	memory	158	182	3
cell	memory	158	183	6
cell	memory	158	184	10
cell	memory	158	185	7
cell	memory	158	186	7
cell	memory	158	187	9
cell	memory	158	188	6
cell	memory	158	189	6
cell	memory	158	192	1
cell	memory	158	193	5
cell	memory	158	194	2
cell	memory	158	195	6
cell	memory	158	196	1
cell	memory	158	197	6
cell	memory	158	198	1
cell	memory	158	199	4
cell	memory	158	200	8
cell	memory	158	201	8
cell	memory	158	202	6
cell	memory	158	203	8
cell	memory	158	204	7
cell	memory	158	205	7
cell	memory	158	206	6
cell	memory	158	207	6
cell	memory	158	208	6
cell	memory	158	209	3
cell	memory	159	126	4
cell	memory	159	128	3
cell	memory	159	130	9
cell	memory	159	131	5
cell	memory	159	132	9
cell	memory	159	133	1
cell	memory	159	135	6
cell	memory	159	136	3
cell	memory	159	137	3
cell	memory	159	139	2
cell	memory	159	140	6
cell	memory	159	147	7
cell	memory	159	148	7
cell	memory	159	149	7
cell	memory	159	150	5
cell	memory	159	151	8
cell	memory	159	152	8
cell	memory	159	153	3
cell	memory	159	154	7
cell	memory	159	155	6
cell	memory	159	156	6
cell	memory	159	157	6
cell	memory	159	158	7
cell	memory	159	159	8
cell	memory	159	160	6
cell	memory	159	162	11
cell	memory	159	163	4
cell	memory	159	164	1
cell	memory	159	165	10
cell	memory	159	166	7
cell	memory	159	167	8
cell	memory	159	168	10
cell	memory	159	169	5
cell	memory	159	170	5
cell	memory	159	171	5
cell	memory	159	172	5
cell	memory	159	173	5
cell	memory	159	174	5
cell	memory	159	175	5
cell	memory	159	176	5
cell	memory	159	177	5
cell	memory	159	178	5
cell	memory	159	179	5
cell	memory	159	180	5
cell	memory	159	181	5
cell	memory	159	182	5
cell	memory	159	183	5
cell	memory	159	184	5
cell	memory	159	185	5
cell	memory	159	186	5
cell	memory	159	187	5
cell	memory	159	188	5
cell	memory	159	189	5
cell	memory	159	190	6
cell	memory	159	191	1
cell	memory	159	193	3
cell	memory	159	194	5
cell	memory	159	195	9
cell	memory	159	196	1
cell	memory	159	197	10
cell	memory	159	200	6
cell	memory	159	201	8
cell	memory	159	202	4
cell	memory	159	203	7
cell	memory	159	204	6
cell	memory	159	205	5
cell	memory	159	206	4
cell	memory	159	207	8
cell	memory	159	208	7
cell	memory	159	209	1
cell	memory	160	127	6
cell	memory	160	128	11
cell	memory	160	129	3
cell	memory	160	130	10
cell	memory	160	131	6
cell	memory	160	132	8
cell	memory	160	133	3
cell	memory	160	134	2
cell	memory	160	136	5
cell	memory	160	138	7
cell	memory	160	139	6
cell	memory	160	143	7
cell	memory	160	145	6
cell	memory	160	147	10
cell	memory	160	148	7
cell	memory	160	149	13
cell	memory	160	150	6
cell	memory	160	151	7
cell	memory	160	152	5
cell	memory	160	153	6
cell	memory	160	154	11
cell	memory	160	155	8
cell	memory	160	156	8
cell	memory	160	157	8
cell	memory	160	158	5
cell	memory	160	159	9
cell	memory	160	160	6
cell	memory	160	161	2
cell	memory	160	162	4
cell	memory	160	164	5
cell	memory	160	165	4
cell	memory	160	166	7
cell	memory	160	167	6
cell	memory	160	168	6
cell	memory	160	169	10
cell	memory	160	170	9
cell	memory	160	171	4
cell	memory	160	172	4
cell	memory	160	173	9
cell	memory	160	174	7
cell	memory	160	175	9
cell	memory	160	176	10
cell	memory	160	177	7
cell	memory	160	178	5
cell	memory	160	179	8
cell	memory	160	180	11
cell	memory	160	181	8
cell	memory	160	182	7
cell	memory	160	183	8
cell	memory	160	184	9
cell	memory	160	185	7
cell	memory	160	186	9
cell	memory	160	187	5
cell	memory	160	188	5
cell	memory	160	189	6
cell	memory	160	190	11
cell	memory	160	191	9
cell	memory	160	192	9
cell	memory	160	193	3
cell	memory	160	194	9
cell	memory	160	195	6
cell	memory	160	196	10
cell	memory	160	197	4
cell	memory	160	199	4
cell	memory	160	200	6
cell	memory	160	201	8
cell	memory	160	202	6
cell	memory	160	203	8
cell	memory	160	204	7
cell	memory	160	205	8
cell	memory	160	206	5
cell	memory	160	207	6
cell	memory	160	208	8
cell	memory	160	209	7
cell	memory	161	128	6
cell	memory	161	129	1
cell	memory	161	130	4
cell	memory	161	131	8
cell	memory	161	132	6
cell	memory	161	133	5
cell	memory	161	135	8
cell	memory	161	138	4
cell	memory	161	139	2
cell	memory	161	140	8
cell	memory	161	145	2
cell	memory	161	147	7
cell	memory	161	148	6
cell	memory	161	149	6
cell	memory	161	150	5
cell	memory	161	151	6
cell	memory	161	152	7
cell	memory	161	153	6
cell	memory	161	154	6
cell	memory	161	155	6
cell	memory	161	156	6
cell	memory	161	157	5
cell	memory	161	158	6
cell	memory	161	159	6
cell	memory	161	160	2
cell	memory	161	161	8
cell	memory	161	162	1
cell	memory	161	163	5
cell	memory	161	164	8
cell	memory	161	165	2
cell	memory	161	166	3
cell	memory	161	167	9
cell	memory	161	168	6
cell	memory	161	169	10
cell	memory	161	170	5
cell	memory	161	172	4
cell	memory	161	173	7
cell	memory	161	174	7
cell	memory	161	175	8
cell	memory	161	176	9
cell	memory	161	177	6
cell	memory	161	178	9
cell	memory	161	179	6
cell	memory	161	180	9
cell	memory	161	181	3
cell	memory	161	182	3
cell	memory	161	183	11
cell	memory	161	184	1
cell	memory	161	185	2
cell	memory	161	186	1
cell	memory	161	187	11
cell	memory	161	188	10
cell	memory	161	190	6
cell	memory	161	191	6
cell	memory	161	192	1
cell	memory	161	193	9
cell	memory	161	194	11
cell	memory	161	195	1
cell	memory	161	196	9
cell	memory	161	197	2
cell	memory	161	198	8
cell	memory	161	200	2
cell	memory	161	201	8
cell	memory	161	202	6
cell	memory	161	203	6
cell	memory	161	204	7
cell	memory	161	205	7
cell	memory	161	206	5
cell	memory	161	207	5
cell	memory	161	208	4
cell	memory	162	127	2
cell	memory	162	128	4
cell	memory	162	129	8
cell	memory	162	130	9
cell	memory	162	131	3
cell	memory	162	132	10
cell	memory	162	133	6
cell	memory	162	134	6
cell	memory	162	135	6
cell	memory	162	137	5
cell	memory	162	138	6
cell	memory	162	139	5
cell	memory	162	140	4
cell	memory	162	147	3
cell	memory	162	148	4
cell	memory	162	149	8
cell	memory	162	150	1
cell	memory	162	151	4
cell	memory	162	152	5
cell	memory	162	153	4
cell	memory	162	155	7
cell	memory	162	156	7
cell	memory	162	157	7
cell	memory	162	158	5
cell	memory	162	159	9
cell	memory	162	160	7
cell	memory	162	161	4
cell	memory	162	163	9
cell	memory	162	164	10
cell	memory	162	165	4
cell	memory	162	166	6
cell	memory	162	167	9
cell	memory	162	168	4
cell	memory	162	169	2
cell	memory	162	170	8
cell	memory	162	171	1
cell	memory	162	172	7
cell	memory	162	173	7
cell	memory	162	174	8
cell	memory	162	175	2
cell	memory	162	176	5
cell	memory	162	177	5
cell	memory	162	178	9
cell	memory	162	179	9
cell	memory	162	180	4
cell	memory	162	183	8
cell	memory	162	184	4
cell	memory	162	185	10
cell	memory	162	186	4
cell	memory	162	187	8
cell	memory	162	188	9
cell	memory	162	189	5
cell	memory	162	190	1
cell	memory	162	191	2
cell	memory	162	193	4
cell	memory	162	194	9
cell	memory	162	195	2
cell	memory	162	196	4
cell	memory	162	197	8
cell	memory	162	198	4
cell	memory	162	201	2
cell	memory	162	202	4
cell	memory	162	203	5
cell	memory	162	205	2
cell	memory	162	206	8
cell	memory	162	207	4
cell	memory	163	133	2
cell	memory	163	134	8
cell	memory	163	137	12
cell	memory	163	138	7
cell	memory	163	139	13
cell	memory	163	140	6
cell	memory	163	149	1
cell	memory	163	152	5
cell	memory	163	153	6
cell	memory	163	155	3
cell	memory	163	157	5
cell	memory	163	158	4
cell	memory	163	159	10
cell	memory	163	160	4
cell	memory	163	161	1
cell	memory	163	163	2
cell	memory	163	164	3
cell	memory	163	165	3
cell	memory	163	166	1
cell	memory	163	167	5
cell	memory	163	168	1
cell	memory	163	169	1
cell	memory	163	170	7
cell	memory	163	172	6
cell	memory	163	173	4
cell	memory	163	174	5
cell	memory	163	175	4
cell	memory	163	176	5
cell	memory	163	177	6
cell	memory	163	178	8
cell	memory	163	179	5
cell	memory	163	180	3
cell	memory	163	181	6
cell	memory	163	182	7
cell	memory	163	183	8
cell	memory	163	185	3
cell	memory	163	186	3
cell	memory	163	187	5
cell	memory	163	188	6
cell	memory	163	193	2
cell	memory	163	194	2
cell	memory	163	196	3
cell	memory	163	197	4
cell	memory	163	206	4
cell	top	0	155	6
cell	top	0	156	5
cell	top	0	157	5
cell	top	0	158	5
cell	top	0	159	5
cell	top	0	160	5
cell	top	0	161	3
cell	top	1	161	1
cell	top	140	167	2
cell	top	155	160	2
cell	top	163	143	1
cell	top	56	113	5
cell	top	56	114	5
cell	top	56	115	5
cell	top	56	116	5
cell	top	56	117	5
cell	top	56	118	5
cell	top	57	113	11
cell	top	57	114	9
cell	top	57	115	9
cell	top	57	116	9
cell	top	57	117	9
cell	top	57	118	10
cell	top	60	118	5
cell	top	60	119	5
cell	top	60	120	5
cell	top	60	121	5
cell	top	60	122	5
cell	top	60	123	5
cell	top	61	118	11
cell	top	61	119	9
cell	top	61	120	9
cell	top	61	121	9
cell	top	61	122	9
cell	top	61	123	9
cell	top	71	144	1
cell	top	71	146	2
cell	top	73	145	2
cell	top	74	145	1
cell	top	75	146	1
cell	video	1	167	1
cell	video	1	168	1
cell	video	100	140	2
cell	video	100	141	5
cell	video	100	142	4
cell	video	101	141	6
cell	video	101	142	5
cell	video	101	143	5
cell	video	104	127	1
cell	video	104	132	1
cell	video	104	138	2
cell	video	104	144	6
cell	video	104	145	8
cell	video	104	146	1
cell	video	105	144	5
cell	video	105	145	4
cell	video	105	146	7
cell	video	106	145	4
cell	video	106	146	8
cell	video	106	161	1
cell	video	106	163	6
cell	video	106	164	5
cell	video	106	165	5
cell	video	106	166	5
cell	video	2	165	1
cell	video	2	166	2
cell	video	2	167	6
cell	video	2	168	5
cell	video	2	169	5
cell	video	2	170	5
cell	video	3	165	6
cell	video	3	166	5
cell	video	3	167	5
cell	video	3	168	5
cell	video	3	169	5
cell	video	3	170	5
cell	video	4	167	8
cell	video	4	168	9
cell	video	4	169	3
cell	video	4	170	2
cell	video	5	167	7
cell	video	5	168	2
cell	video	6	168	2
cell	video	62	127	2
cell	video	66	132	1
cell	video	66	137	1
cell	video	7	168	12
cell	video	78	127	2
cell	video	78	137	1
cell	video	78	142	1
cell	video	8	167	8
cell	video	8	168	7
cell	video	8	169	6
cell	video	88	140	2
cell	video	98	136	2
cell	video	99	136	6
cell	video	99	137	5
cell	video	99	138	3
