# suite	bullseye
# snapshot	20250901T000000Z
# name	version	size	sha256	url	fallback
fontconfig	2.13.1-4.2	416520	c594a100759ef7c94149359cf4d2da5fb59ef30474c7a2dde1e049d32b9c478a	https://deb.debian.org/debian/pool/main/f/fontconfig/fontconfig_2.13.1-4.2_amd64.deb	https://snapshot.debian.org/archive/debian/20250901T000000Z/pool/main/f/fontconfig/fontconfig_2.13.1-4.2_amd64.deb
gcc-10-base	10.2.1-6	201332	be65535e94f95fbf04b104e8ab36790476f063374430f7dfc6c516cbe2d2cd1e	https://deb.debian.org/debian/pool/main/g/gcc-10/gcc-10-base_10.2.1-6_amd64.deb	https://snapshot.debian.org/archive/debian/20250901T000000Z/pool/main/g/gcc-10/gcc-10-base_10.2.1-6_amd64.deb
libblkid1	2.36.1-8+deb11u2	193528	be6ec9f14626174a34e27f8ca0c8be5531c07f22266fed4738c978af7f575ab2	https://deb.debian.org/debian/pool/main/u/util-linux/libblkid1_2.36.1-8+deb11u2_amd64.deb	https://snapshot.debian.org/archive/debian/20250901T000000Z/pool/main/u/util-linux/libblkid1_2.36.1-8+deb11u2_amd64.deb
libbrotli1	1.0.9-2+b2	278652	65ca7d8b03e9dac09c5d544a89dd52d1aeb74f6a19583d32e4ff5f0c77624c24	https://deb.debian.org/debian/pool/main/b/brotli/libbrotli1_1.0.9-2+b2_amd64.deb	https://snapshot.debian.org/archive/debian/20250901T000000Z/pool/main/b/brotli/libbrotli1_1.0.9-2+b2_amd64.deb
libbsd0	0.11.3-1+deb11u1	107800	6ec5a08a4bb32c0dc316617f4bbefa8654c472d1cd4412ab8995f3955491f4a8	https://deb.debian.org/debian/pool/main/libb/libbsd/libbsd0_0.11.3-1+deb11u1_amd64.deb	https://snapshot.debian.org/archive/debian/20250901T000000Z/pool/main/libb/libbsd/libbsd0_0.11.3-1+deb11u1_amd64.deb
libbz2-1.0	1.0.8-4	45808	16e27c3ebd97981e70db3733f899963362748f178a62644df69d1f247e741379	https://deb.debian.org/debian/pool/main/b/bzip2/libbz2-1.0_1.0.8-4_amd64.deb	https://snapshot.debian.org/archive/debian/20250901T000000Z/pool/main/b/bzip2/libbz2-1.0_1.0.8-4_amd64.deb
libcom-err2	1.46.2-2	74208	d478f132871f4ab8352d39becf936d0ad74db905398bf98465d8fe3da6fb1126	https://deb.debian.org/debian/pool/main/e/e2fsprogs/libcom-err2_1.46.2-2_amd64.deb	https://snapshot.debian.org/archive/debian/20250901T000000Z/pool/main/e/e2fsprogs/libcom-err2_1.46.2-2_amd64.deb
libcrypt1	1:4.4.18-4	87504	f617952df0c57b4ee039448e3941bccd3f97bfff71e9b0f87ca6dae15cb3f5ef	https://deb.debian.org/debian/pool/main/libx/libxcrypt/libcrypt1_4.4.18-4_amd64.deb	https://snapshot.debian.org/archive/debian/20250901T000000Z/pool/main/libx/libxcrypt/libcrypt1_4.4.18-4_amd64.deb
libdb5.3	5.3.28+dfsg1-0.8	686508	00b9e63e287f45300d4a4f59b6b88e25918443c932ae3e5845d5761ae193c530	https://deb.debian.org/debian/pool/main/d/db5.3/libdb5.3_5.3.28+dfsg1-0.8_amd64.deb	https://snapshot.debian.org/archive/debian/20250901T000000Z/pool/main/d/db5.3/libdb5.3_5.3.28+dfsg1-0.8_amd64.deb
libdbus-1-3	1.12.28-0+deb11u1	223016	fc7c43086fd5330fef47eb9bd6b50972a0b351fa5d08a1e075ddbc4101e2c4a2	https://deb.debian.org/debian/pool/main/d/dbus/libdbus-1-3_1.12.28-0+deb11u1_amd64.deb	https://snapshot.debian.org/archive/debian/20250901T000000Z/pool/main/d/dbus/libdbus-1-3_1.12.28-0+deb11u1_amd64.deb
libdouble-conversion3	3.1.5-6.1	41000	0a22f1cca233c2347320d56c65312caafb99e379c1aa48af6164a8905ce34672	https://deb.debian.org/debian/pool/main/d/double-conversion/libdouble-conversion3_3.1.5-6.1_amd64.deb	https://snapshot.debian.org/archive/debian/20250901T000000Z/pool/main/d/double-conversion/libdouble-conversion3_3.1.5-6.1_amd64.deb
libdrm-amdgpu1	2.4.104-1	28516	0005f21e342925bd26a25185289ae035aa931ced8f6fd9e3d4deade36d272ecd	https://deb.debian.org/debian/pool/main/libd/libdrm/libdrm-amdgpu1_2.4.104-1_amd64.deb	https://snapshot.debian.org/archive/debian/20250901T000000Z/pool/main/libd/libdrm/libdrm-amdgpu1_2.4.104-1_amd64.deb
libdrm-common	2.4.104-1	14852	60c69026fb8e4cfdf8d80a4a86ee30516c611dcc4de4aa1c8ccbf06dff563e2b	https://deb.debian.org/debian/pool/main/libd/libdrm/libdrm-common_2.4.104-1_all.deb	https://snapshot.debian.org/archive/debian/20250901T000000Z/pool/main/libd/libdrm/libdrm-common_2.4.104-1_all.deb
libdrm-intel1	2.4.104-1	71776	7d376adc7b5d4d83ec8414ff67dbc18765c6d420de9a6e1045fead7f1f82331d	https://deb.debian.org/debian/pool/main/libd/libdrm/libdrm-intel1_2.4.104-1_amd64.deb	https://snapshot.debian.org/archive/debian/20250901T000000Z/pool/main/libd/libdrm/libdrm-intel1_2.4.104-1_amd64.deb
libdrm-nouveau2	2.4.104-1	26792	dbf4a3be55c609b1a2ea89d6782ae5c9a5b991844917dcd42c01666b73a96ceb	https://deb.debian.org/debian/pool/main/libd/libdrm/libdrm-nouveau2_2.4.104-1_amd64.deb	https://snapshot.debian.org/archive/debian/20250901T000000Z/pool/main/libd/libdrm/libdrm-nouveau2_2.4.104-1_amd64.deb
libdrm-radeon1	2.4.104-1	30184	c33cd14e8ed7e2dfc02696ed51d4795c5797b0821666667e0a889bba705862b0	https://deb.debian.org/debian/pool/main/libd/libdrm/libdrm-radeon1_2.4.104-1_amd64.deb	https://snapshot.debian.org/archive/debian/20250901T000000Z/pool/main/libd/libdrm/libdrm-radeon1_2.4.104-1_amd64.deb
libdrm2	2.4.104-1	41536	113396b3a33000f7f3347cd711ad9bcfe9945927331cc6cee63c751a889a967b	https://deb.debian.org/debian/pool/main/libd/libdrm/libdrm2_2.4.104-1_amd64.deb	https://snapshot.debian.org/archive/debian/20250901T000000Z/pool/main/libd/libdrm/libdrm2_2.4.104-1_amd64.deb
libedit2	3.1-20191231-2+b1	96744	ac545f6ad10ba791aca24b09255ad1d6d943e6bc7c5511d5998e104aee51c943	https://deb.debian.org/debian/pool/main/libe/libedit/libedit2_3.1-20191231-2+b1_amd64.deb	https://snapshot.debian.org/archive/debian/20250901T000000Z/pool/main/libe/libedit/libedit2_3.1-20191231-2+b1_amd64.deb
libegl-mesa0	20.3.5-1	141312	a0c36a3665af89cbc96f865bd1b64c6c07b93096e91ba5b470d375d02dfa6d82	https://deb.debian.org/debian/pool/main/m/mesa/libegl-mesa0_20.3.5-1_amd64.deb	https://snapshot.debian.org/archive/debian/20250901T000000Z/pool/main/m/mesa/libegl-mesa0_20.3.5-1_amd64.deb
libegl1	1.3.2-1	34764	3a5583ebd7a9d8ad102484db9637c409561428d21345037b310c4ef2ca8e8837	https://deb.debian.org/debian/pool/main/libg/libglvnd/libegl1_1.3.2-1_amd64.deb	https://snapshot.debian.org/archive/debian/20250901T000000Z/pool/main/libg/libglvnd/libegl1_1.3.2-1_amd64.deb
libelf1	0.183-1	165284	e1ad132d502b255023c222d0cae1d02ca941f6b68fd0e9b908c6004cc326592c	https://deb.debian.org/debian/pool/main/e/elfutils/libelf1_0.183-1_amd64.deb	https://snapshot.debian.org/archive/debian/20250901T000000Z/pool/main/e/elfutils/libelf1_0.183-1_amd64.deb
libevdev2	1.11.0+dfsg-1	34028	37338dff6c7e5239210ed4c056e1f9b1395ab7e12c826428a9c0a0f1d7e4039d	https://deb.debian.org/debian/pool/main/libe/libevdev/libevdev2_1.11.0+dfsg-1_amd64.deb	https://snapshot.debian.org/archive/debian/20250901T000000Z/pool/main/libe/libevdev/libevdev2_1.11.0+dfsg-1_amd64.deb
libexpat1	2.2.10-2+deb11u5	98192	5744040c4735bcdd51238aebfa3e402b857244897f1007f61154982ebe5abbd7	https://deb.debian.org/debian/pool/main/e/expat/libexpat1_2.2.10-2+deb11u5_amd64.deb	https://snapshot.debian.org/archive/debian/20250901T000000Z/pool/main/e/expat/libexpat1_2.2.10-2+deb11u5_amd64.deb
libffi7	3.3-6	23096	30ca89bfddae5fa6e0a2a044f22b6e50cd17c4bc6bc850c579819aeab7101f0f	https://deb.debian.org/debian/pool/main/libf/libffi/libffi7_3.3-6_amd64.deb	https://snapshot.debian.org/archive/debian/20250901T000000Z/pool/main/libf/libffi/libffi7_3.3-6_amd64.deb
libfontconfig1	2.13.1-4.2	347116	b92861827627a76e74d6f447a5577d039ef2f95da18af1f29aa98fb96baea4c1	https://deb.debian.org/debian/pool/main/f/fontconfig/libfontconfig1_2.13.1-4.2_amd64.deb	https://snapshot.debian.org/archive/debian/20250901T000000Z/pool/main/f/fontconfig/libfontconfig1_2.13.1-4.2_amd64.deb
libfreetype6	2.10.4+dfsg-1+deb11u1	417776	b21cfdd12adf6cac4af320c2485fb62a8a5edc6f9768bc2288fd686f4fa6dfdf	https://deb.debian.org/debian/pool/main/f/freetype/libfreetype6_2.10.4+dfsg-1+deb11u1_amd64.deb	https://snapshot.debian.org/archive/debian/20250901T000000Z/pool/main/f/freetype/libfreetype6_2.10.4+dfsg-1+deb11u1_amd64.deb
libgbm1	20.3.5-1	73484	2d9b07282e46e3c9398613b6d4fe86c3259e4326b158be7e1f4f58cab541156c	https://deb.debian.org/debian/pool/main/m/mesa/libgbm1_20.3.5-1_amd64.deb	https://snapshot.debian.org/archive/debian/20250901T000000Z/pool/main/m/mesa/libgbm1_20.3.5-1_amd64.deb
libgl1	1.3.2-1	89540	f300f9610b5f05f1ce566c4095f1bf2170e512ac5d201c40d895b8fce29dec98	https://deb.debian.org/debian/pool/main/libg/libglvnd/libgl1_1.3.2-1_amd64.deb	https://snapshot.debian.org/archive/debian/20250901T000000Z/pool/main/libg/libglvnd/libgl1_1.3.2-1_amd64.deb
libgl1-mesa-dri	20.3.5-1	9632580	08e8bc20077e188da7061f77d23a336782d8463c0cc112fabbfa9c8b45923fd2	https://deb.debian.org/debian/pool/main/m/mesa/libgl1-mesa-dri_20.3.5-1_amd64.deb	https://snapshot.debian.org/archive/debian/20250901T000000Z/pool/main/m/mesa/libgl1-mesa-dri_20.3.5-1_amd64.deb
libglapi-mesa	20.3.5-1	71740	aa8f8eaf13224cbb8729416be79350460f7f2230193b2da5d5e24f3dc7e9985f	https://deb.debian.org/debian/pool/main/m/mesa/libglapi-mesa_20.3.5-1_amd64.deb	https://snapshot.debian.org/archive/debian/20250901T000000Z/pool/main/m/mesa/libglapi-mesa_20.3.5-1_amd64.deb
libglib2.0-0	2.66.8-1+deb11u4	1376832	7aff8c1338b58a6fa2b3a914724040a2b7f6e8dc2333f30c98834f7948f1884f	https://deb.debian.org/debian/pool/main/g/glib2.0/libglib2.0-0_2.66.8-1+deb11u4_amd64.deb	https://snapshot.debian.org/archive/debian/20250901T000000Z/pool/main/g/glib2.0/libglib2.0-0_2.66.8-1+deb11u4_amd64.deb
libglvnd0	1.3.2-1	53624	52a4464d181949f5ed8f7e55cca67ba2739f019e93fcfa9d14e8d65efe98fffc	https://deb.debian.org/debian/pool/main/libg/libglvnd/libglvnd0_1.3.2-1_amd64.deb	https://snapshot.debian.org/archive/debian/20250901T000000Z/pool/main/libg/libglvnd/libglvnd0_1.3.2-1_amd64.deb
libglx-mesa0	20.3.5-1	185976	2d19e2addfbea965220e62f512318351f12bdfe7e180f265f00d0f2834a77833	https://deb.debian.org/debian/pool/main/m/mesa/libglx-mesa0_20.3.5-1_amd64.deb	https://snapshot.debian.org/archive/debian/20250901T000000Z/pool/main/m/mesa/libglx-mesa0_20.3.5-1_amd64.deb
libglx0	1.3.2-1	35680	cb642200f7e28e6dbb4075110a0b441880eeec35c8a00a2198c59c53309e5e17	https://deb.debian.org/debian/pool/main/libg/libglvnd/libglx0_1.3.2-1_amd64.deb	https://snapshot.debian.org/archive/debian/20250901T000000Z/pool/main/libg/libglvnd/libglx0_1.3.2-1_amd64.deb
libgomp1	10.2.1-6	99912	4530c95aefa48e33fd8cf4acbe5c4b559dbe7bdf4c56469986c83a203982cef1	https://deb.debian.org/debian/pool/main/g/gcc-10/libgomp1_10.2.1-6_amd64.deb	https://snapshot.debian.org/archive/debian/20250901T000000Z/pool/main/g/gcc-10/libgomp1_10.2.1-6_amd64.deb
libgraphite2-3	1.3.14-1	81216	31113b9e20c89d3b923da0540d6f30535b8d14f32e5904de89e34537fa87d59a	https://deb.debian.org/debian/pool/main/g/graphite2/libgraphite2-3_1.3.14-1_amd64.deb	https://snapshot.debian.org/archive/debian/20250901T000000Z/pool/main/g/graphite2/libgraphite2-3_1.3.14-1_amd64.deb
libgssapi-krb5-2	1.18.3-6+deb11u5	165652	f7edf1381e11c3ff63f2a6669101c09b2d0b0c56c782bd3b3b60bd02cacb0066	https://deb.debian.org/debian/pool/main/k/krb5/libgssapi-krb5-2_1.18.3-6+deb11u5_amd64.deb	https://snapshot.debian.org/archive/debian/20250901T000000Z/pool/main/k/krb5/libgssapi-krb5-2_1.18.3-6+deb11u5_amd64.deb
libgudev-1.0-0	234-1	14656	9ec44c4018ed498e871eed85150e5fe557a7fae21f2b5b3d014a0c27be1eaaee	https://deb.debian.org/debian/pool/main/libg/libgudev/libgudev-1.0-0_234-1_amd64.deb	https://snapshot.debian.org/archive/debian/20250901T000000Z/pool/main/libg/libgudev/libgudev-1.0-0_234-1_amd64.deb
libharfbuzz0b	2.7.4-1	1470556	c76825341b5877240ff2511a376844a50ffda19d9d019ae65a5b3a97f9a1a183	https://deb.debian.org/debian/pool/main/h/harfbuzz/libharfbuzz0b_2.7.4-1_amd64.deb	https://snapshot.debian.org/archive/debian/20250901T000000Z/pool/main/h/harfbuzz/libharfbuzz0b_2.7.4-1_amd64.deb
libice6	2:1.0.10-1	58540	452796e565c9d42386bd59990000ae9c37d85e142e00ee2b14df0787e2bbf970	https://deb.debian.org/debian/pool/main/libi/libice/libice6_1.0.10-1_amd64.deb	https://snapshot.debian.org/archive/debian/20250901T000000Z/pool/main/libi/libice/libice6_1.0.10-1_amd64.deb
libicu67	67.1-7	8622256	2bf5c46254f527865bfd6368e1120908755fa57d83634bd7d316c9b3cfd57303	https://deb.debian.org/debian/pool/main/i/icu/libicu67_67.1-7_amd64.deb	https://snapshot.debian.org/archive/debian/20250901T000000Z/pool/main/i/icu/libicu67_67.1-7_amd64.deb
libinput-bin	1.16.4-3	23048	7ece5e583b1e907b4704c02c0a86ee304635d52dde943fcfd77e4ed699cf3378	https://deb.debian.org/debian/pool/main/libi/libinput/libinput-bin_1.16.4-3_amd64.deb	https://snapshot.debian.org/archive/debian/20250901T000000Z/pool/main/libi/libinput/libinput-bin_1.16.4-3_amd64.deb
libinput10	1.16.4-3	117516	060d91a72ecc772baf4e1056dc4c53bcc32feb56356a3a1eb22653cfefd7b65b	https://deb.debian.org/debian/pool/main/libi/libinput/libinput10_1.16.4-3_amd64.deb	https://snapshot.debian.org/archive/debian/20250901T000000Z/pool/main/libi/libinput/libinput10_1.16.4-3_amd64.deb
libjpeg62-turbo	1:2.0.6-4	150636	28de780a1605cf501c3a4ebf3e588f5110e814b208548748ab064100c32202ea	https://deb.debian.org/debian/pool/main/libj/libjpeg-turbo/libjpeg62-turbo_2.0.6-4_amd64.deb	https://snapshot.debian.org/archive/debian/20250901T000000Z/pool/main/libj/libjpeg-turbo/libjpeg62-turbo_2.0.6-4_amd64.deb
libk5crypto3	1.18.3-6+deb11u5	114232	51b242c8423244fd661cdc91213aa870998e29d078930f303d5881537ae4f15e	https://deb.debian.org/debian/pool/main/k/krb5/libk5crypto3_1.18.3-6+deb11u5_amd64.deb	https://snapshot.debian.org/archive/debian/20250901T000000Z/pool/main/k/krb5/libk5crypto3_1.18.3-6+deb11u5_amd64.deb
libkeyutils1	1.6.1-2	15444	f01060b434d8cad3c58d5811d2082389f11b3db8152657d6c22c1d298953f2a5	https://deb.debian.org/debian/pool/main/k/keyutils/libkeyutils1_1.6.1-2_amd64.deb	https://snapshot.debian.org/archive/debian/20250901T000000Z/pool/main/k/keyutils/libkeyutils1_1.6.1-2_amd64.deb
libkrb5-3	1.18.3-6+deb11u5	363088	198cd5a8616a98464283ab46fce7f86c5bb807a51257881cce81b05cc1f6d5fe	https://deb.debian.org/debian/pool/main/k/krb5/libkrb5-3_1.18.3-6+deb11u5_amd64.deb	https://snapshot.debian.org/archive/debian/20250901T000000Z/pool/main/k/krb5/libkrb5-3_1.18.3-6+deb11u5_amd64.deb
libkrb5support0	1.18.3-6+deb11u5	65664	5ef1bac55f8e8f0736ee554429c77c2cb7c0d03773d6b60a16b552c185aa490f	https://deb.debian.org/debian/pool/main/k/krb5/libkrb5support0_1.18.3-6+deb11u5_amd64.deb	https://snapshot.debian.org/archive/debian/20250901T000000Z/pool/main/k/krb5/libkrb5support0_1.18.3-6+deb11u5_amd64.deb
libllvm11	1:11.0.1-2	17898616	eaff3c8dd6039af90b8b6bdbf33433e35d8c808a7aa195d0e3800ef5e61affff	https://deb.debian.org/debian/pool/main/l/llvm-toolchain-11/libllvm11_11.0.1-2_amd64.deb	https://snapshot.debian.org/archive/debian/20250901T000000Z/pool/main/l/llvm-toolchain-11/libllvm11_11.0.1-2_amd64.deb
liblzma5	5.2.5-2.1~deb11u1	168496	1c79a02415ca5ee7234ac60502fb33ee94fa70b02d1c329a6a14178f8329c435	https://deb.debian.org/debian/pool/main/x/xz-utils/liblzma5_5.2.5-2.1~deb11u1_amd64.deb	https://snapshot.debian.org/archive/debian/20250901T000000Z/pool/main/x/xz-utils/liblzma5_5.2.5-2.1~deb11u1_amd64.deb
libmd0	1.0.3-3	27972	9e425b3c128b69126d95e61998e1b5ef74e862dd1fc953d91eebcc315aea62ea	https://deb.debian.org/debian/pool/main/libm/libmd/libmd0_1.0.3-3_amd64.deb	https://snapshot.debian.org/archive/debian/20250901T000000Z/pool/main/libm/libmd/libmd0_1.0.3-3_amd64.deb
libmd4c0	0.4.7-2	43616	505d1105bbdb7696571964a02403580cca6ec5300fc4d800b0ab5408840ec40f	https://deb.debian.org/debian/pool/main/m/md4c/libmd4c0_0.4.7-2_amd64.deb	https://snapshot.debian.org/archive/debian/20250901T000000Z/pool/main/m/md4c/libmd4c0_0.4.7-2_amd64.deb
libmount1	2.36.1-8+deb11u2	211780	43e68214dd58fefe97ec14b131285aadca94167cd7b8f7d765c60f93909eda6e	https://deb.debian.org/debian/pool/main/u/util-linux/libmount1_2.36.1-8+deb11u2_amd64.deb	https://snapshot.debian.org/archive/debian/20250901T000000Z/pool/main/u/util-linux/libmount1_2.36.1-8+deb11u2_amd64.deb
libmpdec3	2.5.1-1	87652	816404866f754d5662d69db50072018dccb78cf372fc38e0be961fab0f57d741	https://deb.debian.org/debian/pool/main/m/mpdecimal/libmpdec3_2.5.1-1_amd64.deb	https://snapshot.debian.org/archive/debian/20250901T000000Z/pool/main/m/mpdecimal/libmpdec3_2.5.1-1_amd64.deb
libmtdev1	1.1.6-1	22976	176590c0ce393dd492ecb5e21ed338f629e5f38074341860086dbf3315af514d	https://deb.debian.org/debian/pool/main/m/mtdev/libmtdev1_1.1.6-1_amd64.deb	https://snapshot.debian.org/archive/debian/20250901T000000Z/pool/main/m/mtdev/libmtdev1_1.1.6-1_amd64.deb
libncursesw6	6.2+20201114-2+deb11u2	132344	70ed9c6f35a9de73a01b042d740d92c46bbc0392ca4e63ee984417bd8a4eca3a	https://deb.debian.org/debian/pool/main/n/ncurses/libncursesw6_6.2+20201114-2+deb11u2_amd64.deb	https://snapshot.debian.org/archive/debian/20250901T000000Z/pool/main/n/ncurses/libncursesw6_6.2+20201114-2+deb11u2_amd64.deb
libnsl2	1.3.0-2	39480	c0d83437fdb016cb289436f49f28a36be44b3e8f1f2498c7e3a095f709c0d6f8	https://deb.debian.org/debian/pool/main/libn/libnsl/libnsl2_1.3.0-2_amd64.deb	https://snapshot.debian.org/archive/debian/20250901T000000Z/pool/main/libn/libnsl/libnsl2_1.3.0-2_amd64.deb
libpciaccess0	0.16-1	53560	f581ced157bd475477337860e7e7fcabeeb091444bc5a189c5c97adc8fcabda5	https://deb.debian.org/debian/pool/main/libp/libpciaccess/libpciaccess0_0.16-1_amd64.deb	https://snapshot.debian.org/archive/debian/20250901T000000Z/pool/main/libp/libpciaccess/libpciaccess0_0.16-1_amd64.deb
libpcre2-16-0	10.36-2+deb11u1	232152	386fc5684d0339469f0910aefc96f12d2b058dc22d096605f483a56475a37d39	https://deb.debian.org/debian/pool/main/p/pcre2/libpcre2-16-0_10.36-2+deb11u1_amd64.deb	https://snapshot.debian.org/archive/debian/20250901T000000Z/pool/main/p/pcre2/libpcre2-16-0_10.36-2+deb11u1_amd64.deb
libpcre2-8-0	10.36-2+deb11u1	247784	ee192c8d22624eb9d0a2ae95056bad7fb371e5abc17e23e16b1de3ddb17a1064	https://deb.debian.org/debian/pool/main/p/pcre2/libpcre2-8-0_10.36-2+deb11u1_amd64.deb	https://snapshot.debian.org/archive/debian/20250901T000000Z/pool/main/p/pcre2/libpcre2-8-0_10.36-2+deb11u1_amd64.deb
libpcre3	2:8.39-13	342528	48efcf2348967c211cd9408539edf7ec3fa9d800b33041f6511ccaecc1ffa9d0	https://deb.debian.org/debian/pool/main/p/pcre3/libpcre3_8.39-13_amd64.deb	https://snapshot.debian.org/archive/debian/20250901T000000Z/pool/main/p/pcre3/libpcre3_8.39-13_amd64.deb
libpng16-16	1.6.37-3	294460	7d5336af395d1f658d0e66d74d0e1f4c632028750e7e04314d1a650e0317f3d6	https://deb.debian.org/debian/pool/main/libp/libpng1.6/libpng16-16_1.6.37-3_amd64.deb	https://snapshot.debian.org/archive/debian/20250901T000000Z/pool/main/libp/libpng1.6/libpng16-16_1.6.37-3_amd64.deb
libpython3.9	3.9.2-1	1691056	97647869e7e9db643a7eeab949b7d140f9a175814fcc94289be70d426aa5fd1a	https://deb.debian.org/debian/pool/main/p/python3.9/libpython3.9_3.9.2-1_amd64.deb	https://snapshot.debian.org/archive/debian/20250901T000000Z/pool/main/p/python3.9/libpython3.9_3.9.2-1_amd64.deb
libpython3.9-minimal	3.9.2-1	800628	594283526d67e03e3c4e96534f6bfe5da1bf41da5d49360553c9b79fbf08c4ab	https://deb.debian.org/debian/pool/main/p/python3.9/libpython3.9-minimal_3.9.2-1_amd64.deb	https://snapshot.debian.org/archive/debian/20250901T000000Z/pool/main/p/python3.9/libpython3.9-minimal_3.9.2-1_amd64.deb
libpython3.9-stdlib	3.9.2-1	1683644	32ac64d959ac2dbc5bb289532fc9834dab8f671b5455695a3a9315aad973c65b	https://deb.debian.org/debian/pool/main/p/python3.9/libpython3.9-stdlib_3.9.2-1_amd64.deb	https://snapshot.debian.org/archive/debian/20250901T000000Z/pool/main/p/python3.9/libpython3.9-stdlib_3.9.2-1_amd64.deb
libqt5charts5	5.15.2-2	431920	9818ef018a18797b9c08d011347c3a4842cff6599a62db9e008711620d1f9909	https://deb.debian.org/debian/pool/main/q/qtcharts-opensource-src/libqt5charts5_5.15.2-2_amd64.deb	https://snapshot.debian.org/archive/debian/20250901T000000Z/pool/main/q/qtcharts-opensource-src/libqt5charts5_5.15.2-2_amd64.deb
libqt5core5a	5.15.2+dfsg-9+deb11u1	1823452	517908d27fb8c8200edf0c25608f2eea86d9fab08064fdd05adc73aef3daaa08	https://deb.debian.org/debian/pool/main/q/qtbase-opensource-src/libqt5core5a_5.15.2+dfsg-9+deb11u1_amd64.deb	https://snapshot.debian.org/archive/debian/20250901T000000Z/pool/main/q/qtbase-opensource-src/libqt5core5a_5.15.2+dfsg-9+deb11u1_amd64.deb
libqt5dbus5	5.15.2+dfsg-9+deb11u1	228636	ef6124cb3455e79be52dcf543019d7f8420975933426c250a20e5d2f9dd89d8f	https://deb.debian.org/debian/pool/main/q/qtbase-opensource-src/libqt5dbus5_5.15.2+dfsg-9+deb11u1_amd64.deb	https://snapshot.debian.org/archive/debian/20250901T000000Z/pool/main/q/qtbase-opensource-src/libqt5dbus5_5.15.2+dfsg-9+deb11u1_amd64.deb
libqt5gui5	5.15.2+dfsg-9+deb11u1	3320356	446e2912543281a33b50615fda5c4708be93f3b34e2eb2df45af6e2e0030125a	https://deb.debian.org/debian/pool/main/q/qtbase-opensource-src/libqt5gui5_5.15.2+dfsg-9+deb11u1_amd64.deb	https://snapshot.debian.org/archive/debian/20250901T000000Z/pool/main/q/qtbase-opensource-src/libqt5gui5_5.15.2+dfsg-9+deb11u1_amd64.deb
libqt5network5	5.15.2+dfsg-9+deb11u1	658544	07bf3b009e07c6cb31df383a6ba98d25d6a2484d2d925b5680a3cfde45e7bfda	https://deb.debian.org/debian/pool/main/q/qtbase-opensource-src/libqt5network5_5.15.2+dfsg-9+deb11u1_amd64.deb	https://snapshot.debian.org/archive/debian/20250901T000000Z/pool/main/q/qtbase-opensource-src/libqt5network5_5.15.2+dfsg-9+deb11u1_amd64.deb
libqt5widgets5	5.15.2+dfsg-9+deb11u1	2348520	6f9d91dc9a5ec5a48540b67006975e8efc7b468fbb978e709771c37ca9df0a7b	https://deb.debian.org/debian/pool/main/q/qtbase-opensource-src/libqt5widgets5_5.15.2+dfsg-9+deb11u1_amd64.deb	https://snapshot.debian.org/archive/debian/20250901T000000Z/pool/main/q/qtbase-opensource-src/libqt5widgets5_5.15.2+dfsg-9+deb11u1_amd64.deb
libreadline8	8.1-1	168612	162ba9fdcde81b5502953ed4d84b24e8ad4e380bbd02990ab1a0e3edffca3c22	https://deb.debian.org/debian/pool/main/r/readline/libreadline8_8.1-1_amd64.deb	https://snapshot.debian.org/archive/debian/20250901T000000Z/pool/main/r/readline/libreadline8_8.1-1_amd64.deb
libselinux1	3.1-3	88124	339f5ede10500c16dd7192d73169c31c4b27ab12130347275f23044ec8c7d897	https://deb.debian.org/debian/pool/main/libs/libselinux/libselinux1_3.1-3_amd64.deb	https://snapshot.debian.org/archive/debian/20250901T000000Z/pool/main/libs/libselinux/libselinux1_3.1-3_amd64.deb
libsensors-config	1:3.6.0-7	32256	4265811140a591d27c99d026b63707d8235d98c73d7543c66ab9ec73c28523fc	https://deb.debian.org/debian/pool/main/l/lm-sensors/libsensors-config_3.6.0-7_all.deb	https://snapshot.debian.org/archive/debian/20250901T000000Z/pool/main/l/lm-sensors/libsensors-config_3.6.0-7_all.deb
libsensors5	1:3.6.0-7	52260	b9cb9a081ea3c9b68ef047d7e51f3b84bccde1a2467d5657df4c5d54775b187e	https://deb.debian.org/debian/pool/main/l/lm-sensors/libsensors5_3.6.0-7_amd64.deb	https://snapshot.debian.org/archive/debian/20250901T000000Z/pool/main/l/lm-sensors/libsensors5_3.6.0-7_amd64.deb
libsm6	2:1.2.3-1	35108	22a420890489023346f30fecef14ea900a0788e7bf959ef826aabb83944fccfb	https://deb.debian.org/debian/pool/main/libs/libsm/libsm6_1.2.3-1_amd64.deb	https://snapshot.debian.org/archive/debian/20250901T000000Z/pool/main/libs/libsm/libsm6_1.2.3-1_amd64.deb
libsqlite3-0	3.34.1-3	796636	a0b8d3acf4a0483048637637d269be93af48d5c16f6f139f53edd13384ad4686	https://deb.debian.org/debian/pool/main/s/sqlite3/libsqlite3-0_3.34.1-3_amd64.deb	https://snapshot.debian.org/archive/debian/20250901T000000Z/pool/main/s/sqlite3/libsqlite3-0_3.34.1-3_amd64.deb
libstdc++6	10.2.1-6	492540	5c155c58935870bf3b4bfe769116841c0d286a74f59eccfd5645693ac23f06b1	https://deb.debian.org/debian/pool/main/g/gcc-10/libstdc++6_10.2.1-6_amd64.deb	https://snapshot.debian.org/archive/debian/20250901T000000Z/pool/main/g/gcc-10/libstdc++6_10.2.1-6_amd64.deb
libsystemd0	247.3-7+deb11u5	376012	b6f43b910f2dff96b50626357712881895891f9559c7fdd62c4b649e400f733d	https://deb.debian.org/debian/pool/main/s/systemd/libsystemd0_247.3-7+deb11u5_amd64.deb	https://snapshot.debian.org/archive/debian/20250901T000000Z/pool/main/s/systemd/libsystemd0_247.3-7+deb11u5_amd64.deb
libtcl8.6	8.6.11+dfsg-1	1017732	785df3d81010a67ded4a2c216c7b99657c6ab3d1ba7369119894abc851e5bb0c	https://deb.debian.org/debian/pool/main/t/tcl8.6/libtcl8.6_8.6.11+dfsg-1_amd64.deb	https://snapshot.debian.org/archive/debian/20250901T000000Z/pool/main/t/tcl8.6/libtcl8.6_8.6.11+dfsg-1_amd64.deb
libtinfo6	6.2+20201114-2+deb11u2	341728	96ed58b8fd656521e08549c763cd18da6cff1b7801a3a22f29678701a95d7e7b	https://deb.debian.org/debian/pool/main/n/ncurses/libtinfo6_6.2+20201114-2+deb11u2_amd64.deb	https://snapshot.debian.org/archive/debian/20250901T000000Z/pool/main/n/ncurses/libtinfo6_6.2+20201114-2+deb11u2_amd64.deb
libtirpc-common	1.3.1-1+deb11u1	13464	b2f10cb79e7d7a2f9b30bcdf036127df55cd4a34688547bc2886fa38f4969f77	https://deb.debian.org/debian/pool/main/libt/libtirpc/libtirpc-common_1.3.1-1+deb11u1_all.deb	https://snapshot.debian.org/archive/debian/20250901T000000Z/pool/main/libt/libtirpc/libtirpc-common_1.3.1-1+deb11u1_all.deb
libtirpc3	1.3.1-1+deb11u1	84072	86b216d59b6efcd07d56d14b8f4281d5c47f24e9c962f46bbaf02fce762c5e6a	https://deb.debian.org/debian/pool/main/libt/libtirpc/libtirpc3_1.3.1-1+deb11u1_amd64.deb	https://snapshot.debian.org/archive/debian/20250901T000000Z/pool/main/libt/libtirpc/libtirpc3_1.3.1-1+deb11u1_amd64.deb
libudev1	247.3-7+deb11u5	168612	1db2b4498ae8fc80aaf06e3cf3adc479ae415d0ece1b475e86544de165931865	https://deb.debian.org/debian/pool/main/s/systemd/libudev1_247.3-7+deb11u5_amd64.deb	https://snapshot.debian.org/archive/debian/20250901T000000Z/pool/main/s/systemd/libudev1_247.3-7+deb11u5_amd64.deb
libuuid1	2.36.1-8+deb11u2	83904	60d982ddfbc6f3cba122b26a887bec00722247e6c657968704daf93d93f5afe3	https://deb.debian.org/debian/pool/main/u/util-linux/libuuid1_2.36.1-8+deb11u2_amd64.deb	https://snapshot.debian.org/archive/debian/20250901T000000Z/pool/main/u/util-linux/libuuid1_2.36.1-8+deb11u2_amd64.deb
libvulkan1	1.2.162.0-1	102960	8b3a6e5db7d8bdc369a0d276bfae1551ffc0fa31dbd193d56655c8f553868361	https://deb.debian.org/debian/pool/main/v/vulkan-loader/libvulkan1_1.2.162.0-1_amd64.deb	https://snapshot.debian.org/archive/debian/20250901T000000Z/pool/main/v/vulkan-loader/libvulkan1_1.2.162.0-1_amd64.deb
libwacom-common	1.8-2	49700	f7317cf0f66aaa836606f04468ab3196849f3fc9cab48a8417688ffca4c63fc0	https://deb.debian.org/debian/pool/main/libw/libwacom/libwacom-common_1.8-2_all.deb	https://snapshot.debian.org/archive/debian/20250901T000000Z/pool/main/libw/libwacom/libwacom-common_1.8-2_all.deb
libwacom2	1.8-2	21852	f5deb84a4e491bfe4f950702c72aaf4b06714db22261470f6f911167556a1ed7	https://deb.debian.org/debian/pool/main/libw/libwacom/libwacom2_1.8-2_amd64.deb	https://snapshot.debian.org/archive/debian/20250901T000000Z/pool/main/libw/libwacom/libwacom2_1.8-2_amd64.deb
libwayland-client0	1.18.0-2~exp1.1	26940	4baf16bb3a35823251453368ee078b6be6a14f97b05c19783b5acd4232a608ea	https://deb.debian.org/debian/pool/main/w/wayland/libwayland-client0_1.18.0-2~exp1.1_amd64.deb	https://snapshot.debian.org/archive/debian/20250901T000000Z/pool/main/w/wayland/libwayland-client0_1.18.0-2~exp1.1_amd64.deb
libwayland-server0	1.18.0-2~exp1.1	34448	1df9a6e304bdaebdd53e1044c6eadcda95c914119e9426c2866eaa619a49c85b	https://deb.debian.org/debian/pool/main/w/wayland/libwayland-server0_1.18.0-2~exp1.1_amd64.deb	https://snapshot.debian.org/archive/debian/20250901T000000Z/pool/main/w/wayland/libwayland-server0_1.18.0-2~exp1.1_amd64.deb
libx11-6	2:1.7.2-1+deb11u2	771508	2b3b959cb10c07be065eb638a8577fe20f282045aaef76425dbd7310d1244b8c	https://deb.debian.org/debian/pool/main/libx/libx11/libx11-6_1.7.2-1+deb11u2_amd64.deb	https://snapshot.debian.org/archive/debian/20250901T000000Z/pool/main/libx/libx11/libx11-6_1.7.2-1+deb11u2_amd64.deb
libx11-data	2:1.7.2-1+deb11u2	310852	9db24e1e7ed3cd738b503e7df5c1b9b52b1eadcb55019cd63b1409e578565d29	https://deb.debian.org/debian/pool/main/libx/libx11/libx11-data_1.7.2-1+deb11u2_all.deb	https://snapshot.debian.org/archive/debian/20250901T000000Z/pool/main/libx/libx11/libx11-data_1.7.2-1+deb11u2_all.deb
libx11-xcb1	2:1.7.2-1+deb11u2	203516	1ac662dec0b4db1c65668a2c62f0063f4c9cc0d9c8df15ffe735bd2d84b8ee95	https://deb.debian.org/debian/pool/main/libx/libx11/libx11-xcb1_1.7.2-1+deb11u2_amd64.deb	https://snapshot.debian.org/archive/debian/20250901T000000Z/pool/main/libx/libx11/libx11-xcb1_1.7.2-1+deb11u2_amd64.deb
libxau6	1:1.0.9-1	19720	679db1c4579ec7c61079adeaae8528adeb2e4bf5465baa6c56233b995d714750	https://deb.debian.org/debian/pool/main/libx/libxau/libxau6_1.0.9-1_amd64.deb	https://snapshot.debian.org/archive/debian/20250901T000000Z/pool/main/libx/libxau/libxau6_1.0.9-1_amd64.deb
libxcb-dri2-0	1.14-3	102664	fbfc7d55fa00ab7068d015c185363370215c857ac9484d7020c2d9c38c8401b2	https://deb.debian.org/debian/pool/main/libx/libxcb/libxcb-dri2-0_1.14-3_amd64.deb	https://snapshot.debian.org/archive/debian/20250901T000000Z/pool/main/libx/libxcb/libxcb-dri2-0_1.14-3_amd64.deb
libxcb-dri3-0	1.14-3	102444	4dd503b321253f210fe546aae8fe5061fc7d30015cf5580d7843432a71ebc772	https://deb.debian.org/debian/pool/main/libx/libxcb/libxcb-dri3-0_1.14-3_amd64.deb	https://snapshot.debian.org/archive/debian/20250901T000000Z/pool/main/libx/libxcb/libxcb-dri3-0_1.14-3_amd64.deb
libxcb-glx0	1.14-3	118280	61ae35a71148038aad04b021b3adfa0dee4fc06d98e045ec9edfd9e850324876	https://deb.debian.org/debian/pool/main/libx/libxcb/libxcb-glx0_1.14-3_amd64.deb	https://snapshot.debian.org/archive/debian/20250901T000000Z/pool/main/libx/libxcb/libxcb-glx0_1.14-3_amd64.deb
libxcb-icccm4	0.4.1-1.1	27436	f323194cb04cd4e5ae064fafec39db6dcf8a431cbd65a0bc53fa6c359862d8ff	https://deb.debian.org/debian/pool/main/x/xcb-util-wm/libxcb-icccm4_0.4.1-1.1_amd64.deb	https://snapshot.debian.org/archive/debian/20250901T000000Z/pool/main/x/xcb-util-wm/libxcb-icccm4_0.4.1-1.1_amd64.deb
libxcb-image0	0.4.0-1+b3	24284	36a381bb18c9f349a53457c66b3d1825631f3e50c4f6c12326cf05257302172d	https://deb.debian.org/debian/pool/main/x/xcb-util-image/libxcb-image0_0.4.0-1+b3_amd64.deb	https://snapshot.debian.org/archive/debian/20250901T000000Z/pool/main/x/xcb-util-image/libxcb-image0_0.4.0-1+b3_amd64.deb
libxcb-keysyms1	0.4.0-1+b2	16416	aed1436db9a3e63b10d00c4ed16248b5c82b5dd2963a83a761f406af65eb4b49	https://deb.debian.org/debian/pool/main/x/xcb-util-keysyms/libxcb-keysyms1_0.4.0-1+b2_amd64.deb	https://snapshot.debian.org/archive/debian/20250901T000000Z/pool/main/x/xcb-util-keysyms/libxcb-keysyms1_0.4.0-1+b2_amd64.deb
libxcb-present0	1.14-3	101292	7937af87426de2ed382ba0d6204fee58f4028b332625e2727ebb7ca9a1b32028	https://deb.debian.org/debian/pool/main/libx/libxcb/libxcb-present0_1.14-3_amd64.deb	https://snapshot.debian.org/archive/debian/20250901T000000Z/pool/main/libx/libxcb/libxcb-present0_1.14-3_amd64.deb
libxcb-randr0	1.14-3	112516	bc80d4f9a07ff56a14947339d6e26bcfa3da4100fa2c8ada80589fef88bb5138	https://deb.debian.org/debian/pool/main/libx/libxcb/libxcb-randr0_1.14-3_amd64.deb	https://snapshot.debian.org/archive/debian/20250901T000000Z/pool/main/libx/libxcb/libxcb-randr0_1.14-3_amd64.deb
libxcb-render-util0	0.3.9-1+b1	18252	be4b38a63e65c84e2f1322f044d05a9baa677e0f3dc68b742a0a109a3ff40ae9	https://deb.debian.org/debian/pool/main/x/xcb-util-renderutil/libxcb-render-util0_0.3.9-1+b1_amd64.deb	https://snapshot.debian.org/archive/debian/20250901T000000Z/pool/main/x/xcb-util-renderutil/libxcb-render-util0_0.3.9-1+b1_amd64.deb
libxcb-render0	1.14-3	110860	3d653df34e5cd35a78a9aff1d90c18ec0200e5574e27bc779315b855bea2ecc0	https://deb.debian.org/debian/pool/main/libx/libxcb/libxcb-render0_1.14-3_amd64.deb	https://snapshot.debian.org/archive/debian/20250901T000000Z/pool/main/libx/libxcb/libxcb-render0_1.14-3_amd64.deb
libxcb-shape0	1.14-3	101656	d0f942240fc5c1b11514c726a1cba1bad80506a15c837ce2a9f11c9b313c4851	https://deb.debian.org/debian/pool/main/libx/libxcb/libxcb-shape0_1.14-3_amd64.deb	https://snapshot.debian.org/archive/debian/20250901T000000Z/pool/main/libx/libxcb/libxcb-shape0_1.14-3_amd64.deb
libxcb-shm0	1.14-3	101320	0751b48b1c637b5b0cb080159c29b8dd83af8ec771a21c8cc26d180aaab0d351	https://deb.debian.org/debian/pool/main/libx/libxcb/libxcb-shm0_1.14-3_amd64.deb	https://snapshot.debian.org/archive/debian/20250901T000000Z/pool/main/libx/libxcb/libxcb-shm0_1.14-3_amd64.deb
libxcb-sync1	1.14-3	104704	53e7f18c8a95b2be2024537a753b6bd914af5f4c7aeed175f61155a5a3c8fe88	https://deb.debian.org/debian/pool/main/libx/libxcb/libxcb-sync1_1.14-3_amd64.deb	https://snapshot.debian.org/archive/debian/20250901T000000Z/pool/main/libx/libxcb/libxcb-sync1_1.14-3_amd64.deb
libxcb-util1	0.4.0-1+b1	23248	4c48af51fb2ac1be0490067e7450aeda27bf6c6c395165de02199eee4835336f	https://deb.debian.org/debian/pool/main/x/xcb-util/libxcb-util1_0.4.0-1+b1_amd64.deb	https://snapshot.debian.org/archive/debian/20250901T000000Z/pool/main/x/xcb-util/libxcb-util1_0.4.0-1+b1_amd64.deb
libxcb-xfixes0	1.14-3	105028	939b29a4eaad5972ba379c2b5f29cf51d7d947b10e68cc2fe96238efcd3d63c2	https://deb.debian.org/debian/pool/main/libx/libxcb/libxcb-xfixes0_1.14-3_amd64.deb	https://snapshot.debian.org/archive/debian/20250901T000000Z/pool/main/libx/libxcb/libxcb-xfixes0_1.14-3_amd64.deb
libxcb-xinerama0	1.14-3	101008	967eab7a4160fc1d989b9a489220174654feb4c71c02c9e95e66fea5db35a605	https://deb.debian.org/debian/pool/main/libx/libxcb/libxcb-xinerama0_1.14-3_amd64.deb	https://snapshot.debian.org/archive/debian/20250901T000000Z/pool/main/libx/libxcb/libxcb-xinerama0_1.14-3_amd64.deb
libxcb-xinput0	1.14-3	125584	a582e4605b39049776a46340b066b47a24d9bb46a2e853f292e001cace9d6a70	https://deb.debian.org/debian/pool/main/libx/libxcb/libxcb-xinput0_1.14-3_amd64.deb	https://snapshot.debian.org/archive/debian/20250901T000000Z/pool/main/libx/libxcb/libxcb-xinput0_1.14-3_amd64.deb
libxcb-xkb1	1.14-3	125616	91d9359576312d2d868114b49d4fddeb264542fe98d5dbb7bd0b7f61cec86562	https://deb.debian.org/debian/pool/main/libx/libxcb/libxcb-xkb1_1.14-3_amd64.deb	https://snapshot.debian.org/archive/debian/20250901T000000Z/pool/main/libx/libxcb/libxcb-xkb1_1.14-3_amd64.deb
libxcb1	1.14-3	139720	d5e0f047ed766f45eb7473947b70f9e8fddbe45ef22ecfd92ab712c0671a93ac	https://deb.debian.org/debian/pool/main/libx/libxcb/libxcb1_1.14-3_amd64.deb	https://snapshot.debian.org/archive/debian/20250901T000000Z/pool/main/libx/libxcb/libxcb1_1.14-3_amd64.deb
libxdamage1	1:1.1.5-2	15708	1acf6d6117929a7df346d355caeb579798d75feb7e3b3aae58a2d1af735b444f	https://deb.debian.org/debian/pool/main/libx/libxdamage/libxdamage1_1.1.5-2_amd64.deb	https://snapshot.debian.org/archive/debian/20250901T000000Z/pool/main/libx/libxdamage/libxdamage1_1.1.5-2_amd64.deb
libxdmcp6	1:1.1.2-3	26344	ecb8536f5fb34543b55bb9dc5f5b14c9dbb4150a7bddb3f2287b7cab6e9d25ef	https://deb.debian.org/debian/pool/main/libx/libxdmcp/libxdmcp6_1.1.2-3_amd64.deb	https://snapshot.debian.org/archive/debian/20250901T000000Z/pool/main/libx/libxdmcp/libxdmcp6_1.1.2-3_amd64.deb
libxext6	2:1.3.3-1.1	52708	dc1ff8a2b60c7dd3c8917ffb9aa65ee6cda52648d9150608683c47319d1c0c8c	https://deb.debian.org/debian/pool/main/libx/libxext/libxext6_1.3.3-1.1_amd64.deb	https://snapshot.debian.org/archive/debian/20250901T000000Z/pool/main/libx/libxext/libxext6_1.3.3-1.1_amd64.deb
libxfixes3	1:5.0.3-2	22116	58622d0d65c3535bd724c4da62ae7acb71e0e8f527bcbd65daf8c97e6f0ef843	https://deb.debian.org/debian/pool/main/libx/libxfixes/libxfixes3_5.0.3-2_amd64.deb	https://snapshot.debian.org/archive/debian/20250901T000000Z/pool/main/libx/libxfixes/libxfixes3_5.0.3-2_amd64.deb
libxkbcommon-x11-0	1.0.3-2	16620	c786f80d1a5405e96167ebbebdd7d100b356c0a3ae0f87fb6f65f05f2e723f72	https://deb.debian.org/debian/pool/main/libx/libxkbcommon/libxkbcommon-x11-0_1.0.3-2_amd64.deb	https://snapshot.debian.org/archive/debian/20250901T000000Z/pool/main/libx/libxkbcommon/libxkbcommon-x11-0_1.0.3-2_amd64.deb
libxkbcommon0	1.0.3-2	101272	d74d0b9f0a6641b44c279644c7ac627fa7a9b92350b7c6ff37da94352885bcfc	https://deb.debian.org/debian/pool/main/libx/libxkbcommon/libxkbcommon0_1.0.3-2_amd64.deb	https://snapshot.debian.org/archive/debian/20250901T000000Z/pool/main/libx/libxkbcommon/libxkbcommon0_1.0.3-2_amd64.deb
libxrender1	1:0.9.10-1	33002	3ea17d07b5aa89012130e2acd92f0fc0ea67314e2f5eab6e33930ef688f48294	https://deb.debian.org/debian/pool/main/libx/libxrender/libxrender1_0.9.10-1_amd64.deb	https://snapshot.debian.org/archive/debian/20250901T000000Z/pool/main/libx/libxrender/libxrender1_0.9.10-1_amd64.deb
libxshmfence1	1.3-1	8820	1a38142e40e3d32dc4f9a326bf5617363b7d9b4bb762fdcdd262f2192092024d	https://deb.debian.org/debian/pool/main/libx/libxshmfence/libxshmfence1_1.3-1_amd64.deb	https://snapshot.debian.org/archive/debian/20250901T000000Z/pool/main/libx/libxshmfence/libxshmfence1_1.3-1_amd64.deb
libxxf86vm1	1:1.1.4-1+b2	20820	6f4ca916aaec26d7000fa7f58de3f71119309ab7590ce1f517abfe1825a676c7	https://deb.debian.org/debian/pool/main/libx/libxxf86vm/libxxf86vm1_1.1.4-1+b2_amd64.deb	https://snapshot.debian.org/archive/debian/20250901T000000Z/pool/main/libx/libxxf86vm/libxxf86vm1_1.1.4-1+b2_amd64.deb
libz3-4	4.8.10-1	6949460	7a38c2dd985eb9315857588ee06ff297e2b16de159dec85bd2777a43ebe9f458	https://deb.debian.org/debian/pool/main/z/z3/libz3-4_4.8.10-1_amd64.deb	https://snapshot.debian.org/archive/debian/20250901T000000Z/pool/main/z/z3/libz3-4_4.8.10-1_amd64.deb
libzstd1	1.4.8+dfsg-2.1	318644	5dcadfbb743bfa1c1c773bff91c018f835e8e8c821d423d3836f3ab84773507b	https://deb.debian.org/debian/pool/main/libz/libzstd/libzstd1_1.4.8+dfsg-2.1_amd64.deb	https://snapshot.debian.org/archive/debian/20250901T000000Z/pool/main/libz/libzstd/libzstd1_1.4.8+dfsg-2.1_amd64.deb
readline-common	8.1-1	73736	3f947176ef949f93e4ad5d76c067d33fa97cf90b62ee0748acb4f5f64790edc8	https://deb.debian.org/debian/pool/main/r/readline/readline-common_8.1-1_all.deb	https://snapshot.debian.org/archive/debian/20250901T000000Z/pool/main/r/readline/readline-common_8.1-1_all.deb
tcl	8.6.11+1	5788	3c6e9d088e8bf384e22951a5a5e58873292df44f47ce2759c38722a2d7703e63	https://deb.debian.org/debian/pool/main/t/tcltk-defaults/tcl_8.6.11+1_amd64.deb	https://snapshot.debian.org/archive/debian/20250901T000000Z/pool/main/t/tcltk-defaults/tcl_8.6.11+1_amd64.deb
tcl-tclreadline	2.3.8-1	53596	977a25cebd0beadedadfc58527c7edbba3975e9a5ca25b5923b75cc9abb10ce3	https://deb.debian.org/debian/pool/main/t/tclreadline/tcl-tclreadline_2.3.8-1_amd64.deb	https://snapshot.debian.org/archive/debian/20250901T000000Z/pool/main/t/tclreadline/tcl-tclreadline_2.3.8-1_amd64.deb
tcl8.6	8.6.11+dfsg-1	123672	a83fad95e774f1e120f47098fc101159b086ade930cf5e0426c5ef964d8dd4d4	https://deb.debian.org/debian/pool/main/t/tcl8.6/tcl8.6_8.6.11+dfsg-1_amd64.deb	https://snapshot.debian.org/archive/debian/20250901T000000Z/pool/main/t/tcl8.6/tcl8.6_8.6.11+dfsg-1_amd64.deb
x11-common	1:7.7+22	252152	5d1c3287826f60c3a82158b803b9c0489b8aad845ca23a53a982eba3dbb82aa3	https://deb.debian.org/debian/pool/main/x/xorg/x11-common_7.7+22_all.deb	https://snapshot.debian.org/archive/debian/20250901T000000Z/pool/main/x/xorg/x11-common_7.7+22_all.deb
xkb-data	2.29-2	655148	9122cccc67e6b3c3aef2fa9c50ef9d793a12f951c76698a02b1f4ceb9e3634e5	https://deb.debian.org/debian/pool/main/x/xkeyboard-config/xkb-data_2.29-2_all.deb	https://snapshot.debian.org/archive/debian/20250901T000000Z/pool/main/x/xkeyboard-config/xkb-data_2.29-2_all.deb
zlib1g	1:1.2.11.dfsg-2+deb11u2	91420	03d2ab2174af76df6f517b854b77460fbdafc3dac0dca979317da67538159a3e	https://deb.debian.org/debian/pool/main/z/zlib/zlib1g_1.2.11.dfsg-2+deb11u2_amd64.deb	https://snapshot.debian.org/archive/debian/20250901T000000Z/pool/main/z/zlib/zlib1g_1.2.11.dfsg-2+deb11u2_amd64.deb
