# platform	nangate45
# revision	8314c10dc15f32aa2c8d4e7d24c7a27949d84dfc
# path	revision	size	sha256	url	fallback
LICENSE	8314c10dc15f32aa2c8d4e7d24c7a27949d84dfc	10174	0d542e0c8804e39aa7f37eb00da5a762149dc682d7829451287e11b938e94594	https://raw.githubusercontent.com/The-OpenROAD-Project/OpenROAD-flow-scripts/8314c10dc15f32aa2c8d4e7d24c7a27949d84dfc/flow/platforms/nangate45/LICENSE	https://github.com/The-OpenROAD-Project/OpenROAD-flow-scripts/raw/8314c10dc15f32aa2c8d4e7d24c7a27949d84dfc/flow/platforms/nangate45/LICENSE
lef/NangateOpenCellLibrary.tech.lef	8314c10dc15f32aa2c8d4e7d24c7a27949d84dfc	19485	834a79295054cd4209178d1bade67c353863c47bb4b3c22ee38b862b7cec37f2	https://raw.githubusercontent.com/The-OpenROAD-Project/OpenROAD-flow-scripts/8314c10dc15f32aa2c8d4e7d24c7a27949d84dfc/flow/platforms/nangate45/lef/NangateOpenCellLibrary.tech.lef	https://github.com/The-OpenROAD-Project/OpenROAD-flow-scripts/raw/8314c10dc15f32aa2c8d4e7d24c7a27949d84dfc/flow/platforms/nangate45/lef/NangateOpenCellLibrary.tech.lef
lef/NangateOpenCellLibrary.macro.mod.lef	8314c10dc15f32aa2c8d4e7d24c7a27949d84dfc	255903	a43aea339f12a57a63497783e508ba16f3da2dc056d3247dec7d99707c2dedef	https://raw.githubusercontent.com/The-OpenROAD-Project/OpenROAD-flow-scripts/8314c10dc15f32aa2c8d4e7d24c7a27949d84dfc/flow/platforms/nangate45/lef/NangateOpenCellLibrary.macro.mod.lef	https://github.com/The-OpenROAD-Project/OpenROAD-flow-scripts/raw/8314c10dc15f32aa2c8d4e7d24c7a27949d84dfc/flow/platforms/nangate45/lef/NangateOpenCellLibrary.macro.mod.lef
lib/NangateOpenCellLibrary_typical.lib	8314c10dc15f32aa2c8d4e7d24c7a27949d84dfc	6692032	8d540a4d4cf6d09d27c87ad067857a9c0c2eeb023ab7a56e058cd3113db4e9b1	https://raw.githubusercontent.com/The-OpenROAD-Project/OpenROAD-flow-scripts/8314c10dc15f32aa2c8d4e7d24c7a27949d84dfc/flow/platforms/nangate45/lib/NangateOpenCellLibrary_typical.lib	https://github.com/The-OpenROAD-Project/OpenROAD-flow-scripts/raw/8314c10dc15f32aa2c8d4e7d24c7a27949d84dfc/flow/platforms/nangate45/lib/NangateOpenCellLibrary_typical.lib
make_tracks.tcl	8314c10dc15f32aa2c8d4e7d24c7a27949d84dfc	773	8f8fbff8d8e0dfd232307058f6766973742e36f8f27bd1c717ea001e142cba99	https://raw.githubusercontent.com/The-OpenROAD-Project/OpenROAD-flow-scripts/8314c10dc15f32aa2c8d4e7d24c7a27949d84dfc/flow/platforms/nangate45/make_tracks.tcl	https://github.com/The-OpenROAD-Project/OpenROAD-flow-scripts/raw/8314c10dc15f32aa2c8d4e7d24c7a27949d84dfc/flow/platforms/nangate45/make_tracks.tcl
setRC.tcl	8314c10dc15f32aa2c8d4e7d24c7a27949d84dfc	828	521df813bf4da9d7400df33e3f680c9a328cc720830dbfca1188083741503fa5	https://raw.githubusercontent.com/The-OpenROAD-Project/OpenROAD-flow-scripts/8314c10dc15f32aa2c8d4e7d24c7a27949d84dfc/flow/platforms/nangate45/setRC.tcl	https://github.com/The-OpenROAD-Project/OpenROAD-flow-scripts/raw/8314c10dc15f32aa2c8d4e7d24c7a27949d84dfc/flow/platforms/nangate45/setRC.tcl
grid_strategy-M1-M4-M7.tcl	8314c10dc15f32aa2c8d4e7d24c7a27949d84dfc	2370	13f6979391f4e5373b6e0b9e9df6f8f07f69787e970e13e5d170f830b83006db	https://raw.githubusercontent.com/The-OpenROAD-Project/OpenROAD-flow-scripts/8314c10dc15f32aa2c8d4e7d24c7a27949d84dfc/flow/platforms/nangate45/grid_strategy-M1-M4-M7.tcl	https://github.com/The-OpenROAD-Project/OpenROAD-flow-scripts/raw/8314c10dc15f32aa2c8d4e7d24c7a27949d84dfc/flow/platforms/nangate45/grid_strategy-M1-M4-M7.tcl
